Station Name,Time Period,Avg Daily Entries,Month
Woodley Park,PM Peak (3pm-7pm),1.2K,December
Wiehle-Reston East,PM Peak (3pm-7pm),1.1K,December
Wheaton,PM Peak (3pm-7pm),0.6K,December
West Hyattsville,PM Peak (3pm-7pm),0.5K,December
West Falls Church,PM Peak (3pm-7pm),0.2K,December
Waterfront,PM Peak (3pm-7pm),1.2K,December
Virginia Sq-GMU,PM Peak (3pm-7pm),0.7K,December
Vienna,PM Peak (3pm-7pm),0.8K,December
Van Ness-UDC,PM Peak (3pm-7pm),1.2K,December
Van Dorn Street,PM Peak (3pm-7pm),0.3K,December
Union Station,PM Peak (3pm-7pm),9.1K,December
U Street,PM Peak (3pm-7pm),1.6K,December
Tysons,PM Peak (3pm-7pm),1.2K,December
Twinbrook,PM Peak (3pm-7pm),0.9K,December
Tenleytown-AU,PM Peak (3pm-7pm),1.9K,December
Takoma,PM Peak (3pm-7pm),0.7K,December
Suitland,PM Peak (3pm-7pm),0.9K,December
Stadium-Armory,PM Peak (3pm-7pm),0.4K,December
Spring Hill,PM Peak (3pm-7pm),0.3K,December
Southern Ave,PM Peak (3pm-7pm),0.5K,December
Smithsonian,PM Peak (3pm-7pm),5.2K,December
Silver Spring,PM Peak (3pm-7pm),2.5K,December
Shaw-Howard U,PM Peak (3pm-7pm),1.2K,December
Shady Grove,PM Peak (3pm-7pm),1.2K,December
Rosslyn,PM Peak (3pm-7pm),4.1K,December
Ronald Reagan Washington National Airport,PM Peak (3pm-7pm),1.6K,December
Rockville,PM Peak (3pm-7pm),0.8K,December
Rhode Island Ave,PM Peak (3pm-7pm),1.0K,December
Potomac Ave,PM Peak (3pm-7pm),0.5K,December
Pentagon City,PM Peak (3pm-7pm),3.3K,December
Pentagon,PM Peak (3pm-7pm),4.3K,December
North Bethesda,PM Peak (3pm-7pm),0.9K,December
NoMa-Gallaudet U,PM Peak (3pm-7pm),3.1K,December
New Carrollton,PM Peak (3pm-7pm),0.7K,December
Naylor Road,PM Peak (3pm-7pm),0.3K,December
Navy Yard-Ballpark,PM Peak (3pm-7pm),3.1K,December
Mt Vernon Sq,PM Peak (3pm-7pm),1.4K,December
Morgan Boulevard,PM Peak (3pm-7pm),0.2K,December
Minnesota Ave,PM Peak (3pm-7pm),0.4K,December
Metro Center,PM Peak (3pm-7pm),12.4K,December
Medical Center,PM Peak (3pm-7pm),2.7K,December
McPherson Sq,PM Peak (3pm-7pm),6.6K,December
McLean,PM Peak (3pm-7pm),0.4K,December
Landover,PM Peak (3pm-7pm),0.1K,December
L'Enfant Plaza,PM Peak (3pm-7pm),11.1K,December
King St-Old Town,PM Peak (3pm-7pm),2.0K,December
Judiciary Square,PM Peak (3pm-7pm),4.6K,December
Hyattsville Crossing,PM Peak (3pm-7pm),0.9K,December
Huntington,PM Peak (3pm-7pm),0.6K,December
Herndon,PM Peak (3pm-7pm),0.0K,December
Grosvenor-Strathmore,PM Peak (3pm-7pm),0.7K,December
Greensboro,PM Peak (3pm-7pm),0.4K,December
Greenbelt,PM Peak (3pm-7pm),0.7K,December
Glenmont,PM Peak (3pm-7pm),0.5K,December
Georgia Ave-Petworth,PM Peak (3pm-7pm),1.1K,December
Gallery Place,PM Peak (3pm-7pm),10.5K,December
Friendship Heights,PM Peak (3pm-7pm),2.4K,December
Franconia-Springfield,PM Peak (3pm-7pm),0.8K,December
Fort Totten,PM Peak (3pm-7pm),1.5K,December
Forest Glen,PM Peak (3pm-7pm),0.2K,December
Foggy Bottom-GWU,PM Peak (3pm-7pm),8.1K,December
Federal Triangle,PM Peak (3pm-7pm),4.7K,December
Federal Center SW,PM Peak (3pm-7pm),3.2K,December
Farragut West,PM Peak (3pm-7pm),10.1K,December
Farragut North,PM Peak (3pm-7pm),12.9K,December
Eisenhower Ave,PM Peak (3pm-7pm),0.2K,December
Eastern Market,PM Peak (3pm-7pm),1.3K,December
East Falls Church,PM Peak (3pm-7pm),0.5K,December
Dupont Circle,PM Peak (3pm-7pm),6.2K,December
Dunn Loring,PM Peak (3pm-7pm),0.5K,December
Downtown Largo,PM Peak (3pm-7pm),0.4K,December
Deanwood,PM Peak (3pm-7pm),0.2K,December
Crystal City,PM Peak (3pm-7pm),3.6K,December
Court House,PM Peak (3pm-7pm),1.4K,December
Congress Heights,PM Peak (3pm-7pm),0.4K,December
Columbia Heights,PM Peak (3pm-7pm),3.0K,December
College Park-U of Md,PM Peak (3pm-7pm),0.9K,December
Cleveland Park,PM Peak (3pm-7pm),0.6K,December
Clarendon,PM Peak (3pm-7pm),0.8K,December
Cheverly,PM Peak (3pm-7pm),0.1K,December
Capitol South,PM Peak (3pm-7pm),2.8K,December
Capitol Heights,PM Peak (3pm-7pm),0.2K,December
Brookland-CUA,PM Peak (3pm-7pm),1.4K,December
Branch Ave,PM Peak (3pm-7pm),0.4K,December
Braddock Road,PM Peak (3pm-7pm),0.7K,December
Bethesda,PM Peak (3pm-7pm),3.1K,December
Benning Road,PM Peak (3pm-7pm),0.4K,December
Ballston-MU,PM Peak (3pm-7pm),2.4K,December
Arlington Cemetery,PM Peak (3pm-7pm),0.3K,December
Archives,PM Peak (3pm-7pm),4.9K,December
Anacostia,PM Peak (3pm-7pm),1.3K,December
Addison Road,PM Peak (3pm-7pm),0.3K,December
Woodley Park,Midday (9:30am-3pm),1.2K,December
Wiehle-Reston East,Midday (9:30am-3pm),1.0K,December
Wheaton,Midday (9:30am-3pm),0.7K,December
West Hyattsville,Midday (9:30am-3pm),0.7K,December
West Falls Church,Midday (9:30am-3pm),0.3K,December
Waterfront,Midday (9:30am-3pm),0.9K,December
Virginia Sq-GMU,Midday (9:30am-3pm),0.6K,December
Vienna,Midday (9:30am-3pm),1.2K,December
Van Ness-UDC,Midday (9:30am-3pm),1.2K,December
Van Dorn Street,Midday (9:30am-3pm),0.4K,December
Union Station,Midday (9:30am-3pm),4.6K,December
U Street,Midday (9:30am-3pm),1.0K,December
Tysons,Midday (9:30am-3pm),0.5K,December
Twinbrook,Midday (9:30am-3pm),0.7K,December
Tenleytown-AU,Midday (9:30am-3pm),1.1K,December
Takoma,Midday (9:30am-3pm),1.0K,December
Suitland,Midday (9:30am-3pm),0.8K,December
Stadium-Armory,Midday (9:30am-3pm),0.5K,December
Spring Hill,Midday (9:30am-3pm),0.2K,December
Southern Ave,Midday (9:30am-3pm),0.9K,December
Smithsonian,Midday (9:30am-3pm),1.5K,December
Silver Spring,Midday (9:30am-3pm),2.2K,December
Shaw-Howard U,Midday (9:30am-3pm),0.8K,December
Shady Grove,Midday (9:30am-3pm),1.8K,December
Rosslyn,Midday (9:30am-3pm),2.2K,December
Ronald Reagan Washington National Airport,Midday (9:30am-3pm),1.7K,December
Rockville,Midday (9:30am-3pm),0.7K,December
Rhode Island Ave,Midday (9:30am-3pm),1.2K,December
Potomac Ave,Midday (9:30am-3pm),0.7K,December
Pentagon City,Midday (9:30am-3pm),2.9K,December
Pentagon,Midday (9:30am-3pm),2.4K,December
North Bethesda,Midday (9:30am-3pm),0.6K,December
NoMa-Gallaudet U,Midday (9:30am-3pm),1.6K,December
New Carrollton,Midday (9:30am-3pm),1.1K,December
Naylor Road,Midday (9:30am-3pm),0.5K,December
Navy Yard-Ballpark,Midday (9:30am-3pm),1.2K,December
Mt Vernon Sq,Midday (9:30am-3pm),0.7K,December
Morgan Boulevard,Midday (9:30am-3pm),0.3K,December
Minnesota Ave,Midday (9:30am-3pm),0.5K,December
Metro Center,Midday (9:30am-3pm),3.7K,December
Medical Center,Midday (9:30am-3pm),0.8K,December
McPherson Sq,Midday (9:30am-3pm),1.9K,December
McLean,Midday (9:30am-3pm),0.2K,December
Landover,Midday (9:30am-3pm),0.3K,December
L'Enfant Plaza,Midday (9:30am-3pm),3.1K,December
King St-Old Town,Midday (9:30am-3pm),1.4K,December
Judiciary Square,Midday (9:30am-3pm),1.5K,December
Hyattsville Crossing,Midday (9:30am-3pm),0.9K,December
Huntington,Midday (9:30am-3pm),1.0K,December
Herndon,Midday (9:30am-3pm),0.0K,December
Grosvenor-Strathmore,Midday (9:30am-3pm),0.8K,December
Greensboro,Midday (9:30am-3pm),0.1K,December
Greenbelt,Midday (9:30am-3pm),1.0K,December
Glenmont,Midday (9:30am-3pm),0.9K,December
Georgia Ave-Petworth,Midday (9:30am-3pm),1.2K,December
Gallery Place,Midday (9:30am-3pm),3.7K,December
Friendship Heights,Midday (9:30am-3pm),1.9K,December
Franconia-Springfield,Midday (9:30am-3pm),1.2K,December
Fort Totten,Midday (9:30am-3pm),1.5K,December
Forest Glen,Midday (9:30am-3pm),0.3K,December
Foggy Bottom-GWU,Midday (9:30am-3pm),3.0K,December
Federal Triangle,Midday (9:30am-3pm),1.2K,December
Federal Center SW,Midday (9:30am-3pm),1.0K,December
Farragut West,Midday (9:30am-3pm),2.8K,December
Farragut North,Midday (9:30am-3pm),3.2K,December
Eisenhower Ave,Midday (9:30am-3pm),0.2K,December
Eastern Market,Midday (9:30am-3pm),1.1K,December
East Falls Church,Midday (9:30am-3pm),0.6K,December
Dupont Circle,Midday (9:30am-3pm),3.0K,December
Dunn Loring,Midday (9:30am-3pm),0.5K,December
Downtown Largo,Midday (9:30am-3pm),0.6K,December
Deanwood,Midday (9:30am-3pm),0.3K,December
Crystal City,Midday (9:30am-3pm),1.9K,December
Court House,Midday (9:30am-3pm),1.0K,December
Congress Heights,Midday (9:30am-3pm),0.6K,December
Columbia Heights,Midday (9:30am-3pm),2.4K,December
College Park-U of Md,Midday (9:30am-3pm),0.7K,December
Cleveland Park,Midday (9:30am-3pm),0.8K,December
Clarendon,Midday (9:30am-3pm),0.7K,December
Cheverly,Midday (9:30am-3pm),0.2K,December
Capitol South,Midday (9:30am-3pm),1.1K,December
Capitol Heights,Midday (9:30am-3pm),0.4K,December
Brookland-CUA,Midday (9:30am-3pm),1.1K,December
Branch Ave,Midday (9:30am-3pm),0.7K,December
Braddock Road,Midday (9:30am-3pm),0.7K,December
Bethesda,Midday (9:30am-3pm),1.7K,December
Benning Road,Midday (9:30am-3pm),0.6K,December
Ballston-MU,Midday (9:30am-3pm),1.5K,December
Arlington Cemetery,Midday (9:30am-3pm),0.4K,December
Archives,Midday (9:30am-3pm),1.3K,December
Anacostia,Midday (9:30am-3pm),1.5K,December
Addison Road,Midday (9:30am-3pm),0.6K,December
Woodley Park,Late Night (12am-Close),0.0K,December
Wiehle-Reston East,Late Night (12am-Close),0.0K,December
Wheaton,Late Night (12am-Close),0.0K,December
West Hyattsville,Late Night (12am-Close),0.0K,December
West Falls Church,Late Night (12am-Close),0.0K,December
Waterfront,Late Night (12am-Close),0.0K,December
Virginia Sq-GMU,Late Night (12am-Close),0.0K,December
Vienna,Late Night (12am-Close),0.0K,December
Van Ness-UDC,Late Night (12am-Close),0.0K,December
Van Dorn Street,Late Night (12am-Close),0.0K,December
Union Station,Late Night (12am-Close),0.0K,December
U Street,Late Night (12am-Close),0.0K,December
Tysons,Late Night (12am-Close),0.0K,December
Twinbrook,Late Night (12am-Close),0.0K,December
Tenleytown-AU,Late Night (12am-Close),0.0K,December
Takoma,Late Night (12am-Close),0.0K,December
Suitland,Late Night (12am-Close),0.0K,December
Stadium-Armory,Late Night (12am-Close),0.0K,December
Spring Hill,Late Night (12am-Close),0.0K,December
Southern Ave,Late Night (12am-Close),0.0K,December
Smithsonian,Late Night (12am-Close),0.0K,December
Silver Spring,Late Night (12am-Close),0.0K,December
Shaw-Howard U,Late Night (12am-Close),0.0K,December
Shady Grove,Late Night (12am-Close),0.0K,December
Rosslyn,Late Night (12am-Close),0.0K,December
Ronald Reagan Washington National Airport,Late Night (12am-Close),0.0K,December
Rockville,Late Night (12am-Close),0.0K,December
Rhode Island Ave,Late Night (12am-Close),0.0K,December
Potomac Ave,Late Night (12am-Close),0.0K,December
Pentagon City,Late Night (12am-Close),0.0K,December
Pentagon,Late Night (12am-Close),0.0K,December
North Bethesda,Late Night (12am-Close),0.0K,December
NoMa-Gallaudet U,Late Night (12am-Close),0.0K,December
New Carrollton,Late Night (12am-Close),0.0K,December
Naylor Road,Late Night (12am-Close),0.0K,December
Navy Yard-Ballpark,Late Night (12am-Close),0.0K,December
Mt Vernon Sq,Late Night (12am-Close),0.0K,December
Morgan Boulevard,Late Night (12am-Close),0.0K,December
Minnesota Ave,Late Night (12am-Close),0.0K,December
Metro Center,Late Night (12am-Close),0.0K,December
Medical Center,Late Night (12am-Close),0.0K,December
McPherson Sq,Late Night (12am-Close),0.0K,December
McLean,Late Night (12am-Close),0.0K,December
Landover,Late Night (12am-Close),0.0K,December
L'Enfant Plaza,Late Night (12am-Close),0.0K,December
King St-Old Town,Late Night (12am-Close),0.0K,December
Judiciary Square,Late Night (12am-Close),0.0K,December
Hyattsville Crossing,Late Night (12am-Close),0.0K,December
Huntington,Late Night (12am-Close),0.0K,December
Grosvenor-Strathmore,Late Night (12am-Close),0.0K,December
Greensboro,Late Night (12am-Close),0.0K,December
Greenbelt,Late Night (12am-Close),0.0K,December
Glenmont,Late Night (12am-Close),0.0K,December
Georgia Ave-Petworth,Late Night (12am-Close),0.0K,December
Gallery Place,Late Night (12am-Close),0.0K,December
Friendship Heights,Late Night (12am-Close),0.0K,December
Franconia-Springfield,Late Night (12am-Close),0.0K,December
Fort Totten,Late Night (12am-Close),0.0K,December
Forest Glen,Late Night (12am-Close),0.0K,December
Foggy Bottom-GWU,Late Night (12am-Close),0.0K,December
Federal Triangle,Late Night (12am-Close),0.0K,December
Federal Center SW,Late Night (12am-Close),0.0K,December
Farragut West,Late Night (12am-Close),0.0K,December
Farragut North,Late Night (12am-Close),0.0K,December
Eisenhower Ave,Late Night (12am-Close),0.0K,December
Eastern Market,Late Night (12am-Close),0.0K,December
East Falls Church,Late Night (12am-Close),0.0K,December
Dupont Circle,Late Night (12am-Close),0.0K,December
Dunn Loring,Late Night (12am-Close),0.0K,December
Downtown Largo,Late Night (12am-Close),0.0K,December
Deanwood,Late Night (12am-Close),0.0K,December
Crystal City,Late Night (12am-Close),0.0K,December
Court House,Late Night (12am-Close),0.0K,December
Congress Heights,Late Night (12am-Close),0.0K,December
Columbia Heights,Late Night (12am-Close),0.0K,December
College Park-U of Md,Late Night (12am-Close),0.0K,December
Cleveland Park,Late Night (12am-Close),0.0K,December
Clarendon,Late Night (12am-Close),0.0K,December
Cheverly,Late Night (12am-Close),0.0K,December
Capitol South,Late Night (12am-Close),0.0K,December
Capitol Heights,Late Night (12am-Close),0.0K,December
Brookland-CUA,Late Night (12am-Close),0.0K,December
Branch Ave,Late Night (12am-Close),0.0K,December
Braddock Road,Late Night (12am-Close),0.0K,December
Bethesda,Late Night (12am-Close),0.0K,December
Benning Road,Late Night (12am-Close),0.0K,December
Ballston-MU,Late Night (12am-Close),0.0K,December
Archives,Late Night (12am-Close),0.0K,December
Anacostia,Late Night (12am-Close),0.0K,December
Addison Road,Late Night (12am-Close),0.0K,December
Woodley Park,Evening (7pm-12am),1.0K,December
Wiehle-Reston East,Evening (7pm-12am),0.2K,December
Wheaton,Evening (7pm-12am),0.3K,December
West Hyattsville,Evening (7pm-12am),0.1K,December
West Falls Church,Evening (7pm-12am),0.1K,December
Waterfront,Evening (7pm-12am),0.3K,December
Virginia Sq-GMU,Evening (7pm-12am),0.2K,December
Vienna,Evening (7pm-12am),0.2K,December
Van Ness-UDC,Evening (7pm-12am),0.4K,December
Van Dorn Street,Evening (7pm-12am),0.1K,December
Union Station,Evening (7pm-12am),2.4K,December
U Street,Evening (7pm-12am),1.1K,December
Tysons,Evening (7pm-12am),0.7K,December
Twinbrook,Evening (7pm-12am),0.2K,December
Tenleytown-AU,Evening (7pm-12am),0.6K,December
Takoma,Evening (7pm-12am),0.2K,December
Suitland,Evening (7pm-12am),0.2K,December
Stadium-Armory,Evening (7pm-12am),0.1K,December
Spring Hill,Evening (7pm-12am),0.1K,December
Southern Ave,Evening (7pm-12am),0.2K,December
Smithsonian,Evening (7pm-12am),0.4K,December
Silver Spring,Evening (7pm-12am),0.8K,December
Shaw-Howard U,Evening (7pm-12am),0.6K,December
Shady Grove,Evening (7pm-12am),0.3K,December
Rosslyn,Evening (7pm-12am),0.8K,December
Ronald Reagan Washington National Airport,Evening (7pm-12am),1.2K,December
Rockville,Evening (7pm-12am),0.2K,December
Rhode Island Ave,Evening (7pm-12am),0.3K,December
Potomac Ave,Evening (7pm-12am),0.2K,December
Pentagon City,Evening (7pm-12am),1.5K,December
Pentagon,Evening (7pm-12am),0.3K,December
North Bethesda,Evening (7pm-12am),0.2K,December
NoMa-Gallaudet U,Evening (7pm-12am),0.5K,December
New Carrollton,Evening (7pm-12am),0.2K,December
Naylor Road,Evening (7pm-12am),0.1K,December
Navy Yard-Ballpark,Evening (7pm-12am),0.5K,December
Mt Vernon Sq,Evening (7pm-12am),0.5K,December
Morgan Boulevard,Evening (7pm-12am),0.1K,December
Minnesota Ave,Evening (7pm-12am),0.1K,December
Metro Center,Evening (7pm-12am),4.2K,December
Medical Center,Evening (7pm-12am),0.5K,December
McPherson Sq,Evening (7pm-12am),1.4K,December
McLean,Evening (7pm-12am),0.1K,December
Landover,Evening (7pm-12am),0.1K,December
L'Enfant Plaza,Evening (7pm-12am),1.0K,December
King St-Old Town,Evening (7pm-12am),0.7K,December
Judiciary Square,Evening (7pm-12am),0.5K,December
Hyattsville Crossing,Evening (7pm-12am),0.3K,December
Huntington,Evening (7pm-12am),0.2K,December
Herndon,Evening (7pm-12am),0.0K,December
Grosvenor-Strathmore,Evening (7pm-12am),0.1K,December
Greensboro,Evening (7pm-12am),0.1K,December
Greenbelt,Evening (7pm-12am),0.2K,December
Glenmont,Evening (7pm-12am),0.1K,December
Georgia Ave-Petworth,Evening (7pm-12am),0.4K,December
Gallery Place,Evening (7pm-12am),6.8K,December
Friendship Heights,Evening (7pm-12am),0.8K,December
Franconia-Springfield,Evening (7pm-12am),0.2K,December
Fort Totten,Evening (7pm-12am),0.4K,December
Forest Glen,Evening (7pm-12am),0.1K,December
Foggy Bottom-GWU,Evening (7pm-12am),2.7K,December
Federal Triangle,Evening (7pm-12am),0.7K,December
Federal Center SW,Evening (7pm-12am),0.3K,December
Farragut West,Evening (7pm-12am),2.4K,December
Farragut North,Evening (7pm-12am),2.9K,December
Eisenhower Ave,Evening (7pm-12am),0.1K,December
Eastern Market,Evening (7pm-12am),0.5K,December
East Falls Church,Evening (7pm-12am),0.1K,December
Dupont Circle,Evening (7pm-12am),2.6K,December
Dunn Loring,Evening (7pm-12am),0.1K,December
Downtown Largo,Evening (7pm-12am),0.2K,December
Deanwood,Evening (7pm-12am),0.1K,December
Crystal City,Evening (7pm-12am),0.7K,December
Court House,Evening (7pm-12am),0.3K,December
Congress Heights,Evening (7pm-12am),0.1K,December
Columbia Heights,Evening (7pm-12am),1.2K,December
College Park-U of Md,Evening (7pm-12am),0.2K,December
Cleveland Park,Evening (7pm-12am),0.4K,December
Clarendon,Evening (7pm-12am),0.4K,December
Cheverly,Evening (7pm-12am),0.0K,December
Capitol South,Evening (7pm-12am),0.5K,December
Capitol Heights,Evening (7pm-12am),0.1K,December
Brookland-CUA,Evening (7pm-12am),0.3K,December
Branch Ave,Evening (7pm-12am),0.1K,December
Braddock Road,Evening (7pm-12am),0.2K,December
Bethesda,Evening (7pm-12am),1.0K,December
Benning Road,Evening (7pm-12am),0.1K,December
Ballston-MU,Evening (7pm-12am),0.5K,December
Arlington Cemetery,Evening (7pm-12am),0.0K,December
Archives,Evening (7pm-12am),1.0K,December
Anacostia,Evening (7pm-12am),0.3K,December
Addison Road,Evening (7pm-12am),0.1K,December
Woodley Park,AM Peak (Open-9:30am),1.9K,December
Wiehle-Reston East,AM Peak (Open-9:30am),3.3K,December
Wheaton,AM Peak (Open-9:30am),1.7K,December
West Hyattsville,AM Peak (Open-9:30am),1.9K,December
West Falls Church,AM Peak (Open-9:30am),1.1K,December
Waterfront,AM Peak (Open-9:30am),1.0K,December
Virginia Sq-GMU,AM Peak (Open-9:30am),1.4K,December
Vienna,AM Peak (Open-9:30am),4.3K,December
Van Ness-UDC,AM Peak (Open-9:30am),2.0K,December
Van Dorn Street,AM Peak (Open-9:30am),1.7K,December
Union Station,AM Peak (Open-9:30am),8.3K,December
U Street,AM Peak (Open-9:30am),1.6K,December
Tysons,AM Peak (Open-9:30am),0.4K,December
Twinbrook,AM Peak (Open-9:30am),1.9K,December
Tenleytown-AU,AM Peak (Open-9:30am),1.2K,December
Takoma,AM Peak (Open-9:30am),2.5K,December
Suitland,AM Peak (Open-9:30am),2.5K,December
Stadium-Armory,AM Peak (Open-9:30am),0.9K,December
Spring Hill,AM Peak (Open-9:30am),0.3K,December
Southern Ave,AM Peak (Open-9:30am),2.6K,December
Smithsonian,AM Peak (Open-9:30am),0.2K,December
Silver Spring,AM Peak (Open-9:30am),4.9K,December
Shaw-Howard U,AM Peak (Open-9:30am),1.2K,December
Shady Grove,AM Peak (Open-9:30am),6.9K,December
Rosslyn,AM Peak (Open-9:30am),3.0K,December
Ronald Reagan Washington National Airport,AM Peak (Open-9:30am),0.6K,December
Rockville,AM Peak (Open-9:30am),1.7K,December
Rhode Island Ave,AM Peak (Open-9:30am),2.0K,December
Potomac Ave,AM Peak (Open-9:30am),1.5K,December
Pentagon City,AM Peak (Open-9:30am),4.4K,December
Pentagon,AM Peak (Open-9:30am),4.8K,December
North Bethesda,AM Peak (Open-9:30am),1.3K,December
NoMa-Gallaudet U,AM Peak (Open-9:30am),2.0K,December
New Carrollton,AM Peak (Open-9:30am),3.7K,December
Naylor Road,AM Peak (Open-9:30am),1.3K,December
Navy Yard-Ballpark,AM Peak (Open-9:30am),1.0K,December
Mt Vernon Sq,AM Peak (Open-9:30am),1.0K,December
Morgan Boulevard,AM Peak (Open-9:30am),1.1K,December
Minnesota Ave,AM Peak (Open-9:30am),0.7K,December
Metro Center,AM Peak (Open-9:30am),1.3K,December
Medical Center,AM Peak (Open-9:30am),0.7K,December
McPherson Sq,AM Peak (Open-9:30am),1.2K,December
McLean,AM Peak (Open-9:30am),0.6K,December
Landover,AM Peak (Open-9:30am),0.8K,December
L'Enfant Plaza,AM Peak (Open-9:30am),2.3K,December
King St-Old Town,AM Peak (Open-9:30am),2.2K,December
Judiciary Square,AM Peak (Open-9:30am),0.3K,December
Hyattsville Crossing,AM Peak (Open-9:30am),1.9K,December
Huntington,AM Peak (Open-9:30am),4.3K,December
Grosvenor-Strathmore,AM Peak (Open-9:30am),3.0K,December
Greensboro,AM Peak (Open-9:30am),0.2K,December
Greenbelt,AM Peak (Open-9:30am),3.3K,December
Glenmont,AM Peak (Open-9:30am),3.5K,December
Georgia Ave-Petworth,AM Peak (Open-9:30am),2.4K,December
Gallery Place,AM Peak (Open-9:30am),1.3K,December
Friendship Heights,AM Peak (Open-9:30am),2.3K,December
Franconia-Springfield,AM Peak (Open-9:30am),3.5K,December
Fort Totten,AM Peak (Open-9:30am),3.4K,December
Forest Glen,AM Peak (Open-9:30am),1.3K,December
Foggy Bottom-GWU,AM Peak (Open-9:30am),1.5K,December
Federal Triangle,AM Peak (Open-9:30am),0.1K,December
Federal Center SW,AM Peak (Open-9:30am),0.3K,December
Farragut West,AM Peak (Open-9:30am),1.1K,December
Farragut North,AM Peak (Open-9:30am),0.9K,December
Eisenhower Ave,AM Peak (Open-9:30am),0.6K,December
Eastern Market,AM Peak (Open-9:30am),1.6K,December
East Falls Church,AM Peak (Open-9:30am),2.1K,December
Dupont Circle,AM Peak (Open-9:30am),2.6K,December
Dunn Loring,AM Peak (Open-9:30am),1.4K,December
Downtown Largo,AM Peak (Open-9:30am),2.7K,December
Deanwood,AM Peak (Open-9:30am),0.5K,December
Crystal City,AM Peak (Open-9:30am),2.8K,December
Court House,AM Peak (Open-9:30am),2.4K,December
Congress Heights,AM Peak (Open-9:30am),1.0K,December
Columbia Heights,AM Peak (Open-9:30am),3.5K,December
College Park-U of Md,AM Peak (Open-9:30am),1.5K,December
Cleveland Park,AM Peak (Open-9:30am),1.7K,December
Clarendon,AM Peak (Open-9:30am),1.4K,December
Cheverly,AM Peak (Open-9:30am),0.6K,December
Capitol South,AM Peak (Open-9:30am),0.6K,December
Capitol Heights,AM Peak (Open-9:30am),1.0K,December
Brookland-CUA,AM Peak (Open-9:30am),1.7K,December
Branch Ave,AM Peak (Open-9:30am),3.7K,December
Braddock Road,AM Peak (Open-9:30am),2.2K,December
Bethesda,AM Peak (Open-9:30am),2.5K,December
Benning Road,AM Peak (Open-9:30am),1.2K,December
Ballston-MU,AM Peak (Open-9:30am),3.3K,December
Arlington Cemetery,AM Peak (Open-9:30am),0.0K,December
Archives,AM Peak (Open-9:30am),0.3K,December
Anacostia,AM Peak (Open-9:30am),2.3K,December
Addison Road,AM Peak (Open-9:30am),1.5K,December
Woodley Park,PM Peak (3pm-7pm),2.1K,June
Wiehle-Reston East,PM Peak (3pm-7pm),1.3K,June
Wheaton,PM Peak (3pm-7pm),0.6K,June
West Hyattsville,PM Peak (3pm-7pm),0.5K,June
West Falls Church,PM Peak (3pm-7pm),0.2K,June
Waterfront,PM Peak (3pm-7pm),1.4K,June
Virginia Sq-GMU,PM Peak (3pm-7pm),0.9K,June
Vienna,PM Peak (3pm-7pm),0.8K,June
Van Ness-UDC,PM Peak (3pm-7pm),1.3K,June
Van Dorn Street,PM Peak (3pm-7pm),0.3K,June
Union Station,PM Peak (3pm-7pm),11.9K,June
U Street,PM Peak (3pm-7pm),1.7K,June
Tysons,PM Peak (3pm-7pm),1.3K,June
Twinbrook,PM Peak (3pm-7pm),1.0K,June
Tenleytown-AU,PM Peak (3pm-7pm),1.9K,June
Takoma,PM Peak (3pm-7pm),0.7K,June
Suitland,PM Peak (3pm-7pm),1.0K,June
Stadium-Armory,PM Peak (3pm-7pm),0.3K,June
Spring Hill,PM Peak (3pm-7pm),0.4K,June
Southern Ave,PM Peak (3pm-7pm),0.5K,June
Smithsonian,PM Peak (3pm-7pm),6.9K,June
Silver Spring,PM Peak (3pm-7pm),3.0K,June
Shaw-Howard U,PM Peak (3pm-7pm),1.4K,June
Shady Grove,PM Peak (3pm-7pm),1.3K,June
Rosslyn,PM Peak (3pm-7pm),5.0K,June
Ronald Reagan Washington National Airport,PM Peak (3pm-7pm),1.9K,June
Rockville,PM Peak (3pm-7pm),0.9K,June
Rhode Island Ave,PM Peak (3pm-7pm),1.2K,June
Potomac Ave,PM Peak (3pm-7pm),0.3K,June
Pentagon City,PM Peak (3pm-7pm),3.3K,June
Pentagon,PM Peak (3pm-7pm),5.4K,June
North Bethesda,PM Peak (3pm-7pm),1.1K,June
NoMa-Gallaudet U,PM Peak (3pm-7pm),3.7K,June
New Carrollton,PM Peak (3pm-7pm),0.4K,June
Naylor Road,PM Peak (3pm-7pm),0.3K,June
Navy Yard-Ballpark,PM Peak (3pm-7pm),4.1K,June
Mt Vernon Sq,PM Peak (3pm-7pm),1.9K,June
Morgan Boulevard,PM Peak (3pm-7pm),0.1K,June
Minnesota Ave,PM Peak (3pm-7pm),0.9K,June
Metro Center,PM Peak (3pm-7pm),14.4K,June
Medical Center,PM Peak (3pm-7pm),3.6K,June
McPherson Sq,PM Peak (3pm-7pm),7.6K,June
McLean,PM Peak (3pm-7pm),0.6K,June
Landover,PM Peak (3pm-7pm),0.0K,June
L'Enfant Plaza,PM Peak (3pm-7pm),14.2K,June
King St-Old Town,PM Peak (3pm-7pm),2.6K,June
Judiciary Square,PM Peak (3pm-7pm),5.6K,June
Hyattsville Crossing,PM Peak (3pm-7pm),0.9K,June
Huntington,PM Peak (3pm-7pm),0.7K,June
Herndon,PM Peak (3pm-7pm),0.0K,June
Grosvenor-Strathmore,PM Peak (3pm-7pm),0.7K,June
Greensboro,PM Peak (3pm-7pm),0.5K,June
Greenbelt,PM Peak (3pm-7pm),0.8K,June
Glenmont,PM Peak (3pm-7pm),0.5K,June
Georgia Ave-Petworth,PM Peak (3pm-7pm),1.1K,June
Gallery Place,PM Peak (3pm-7pm),12.1K,June
Friendship Heights,PM Peak (3pm-7pm),2.5K,June
Franconia-Springfield,PM Peak (3pm-7pm),0.8K,June
Fort Totten,PM Peak (3pm-7pm),1.5K,June
Forest Glen,PM Peak (3pm-7pm),0.2K,June
Foggy Bottom-GWU,PM Peak (3pm-7pm),8.8K,June
Federal Triangle,PM Peak (3pm-7pm),5.2K,June
Federal Center SW,PM Peak (3pm-7pm),3.5K,June
Farragut West,PM Peak (3pm-7pm),11.3K,June
Farragut North,PM Peak (3pm-7pm),16.4K,June
Eisenhower Ave,PM Peak (3pm-7pm),0.4K,June
Eastern Market,PM Peak (3pm-7pm),1.7K,June
East Falls Church,PM Peak (3pm-7pm),0.5K,June
Dupont Circle,PM Peak (3pm-7pm),7.8K,June
Dunn Loring,PM Peak (3pm-7pm),0.6K,June
Downtown Largo,PM Peak (3pm-7pm),0.1K,June
Deanwood,PM Peak (3pm-7pm),0.1K,June
Crystal City,PM Peak (3pm-7pm),4.5K,June
Court House,PM Peak (3pm-7pm),1.7K,June
Congress Heights,PM Peak (3pm-7pm),0.4K,June
Columbia Heights,PM Peak (3pm-7pm),3.0K,June
College Park-U of Md,PM Peak (3pm-7pm),1.1K,June
Cleveland Park,PM Peak (3pm-7pm),0.6K,June
Clarendon,PM Peak (3pm-7pm),0.8K,June
Cheverly,PM Peak (3pm-7pm),0.0K,June
Capitol South,PM Peak (3pm-7pm),4.7K,June
Capitol Heights,PM Peak (3pm-7pm),0.1K,June
Brookland-CUA,PM Peak (3pm-7pm),1.7K,June
Branch Ave,PM Peak (3pm-7pm),0.4K,June
Braddock Road,PM Peak (3pm-7pm),0.9K,June
Bethesda,PM Peak (3pm-7pm),3.7K,June
Benning Road,PM Peak (3pm-7pm),0.9K,June
Ballston-MU,PM Peak (3pm-7pm),3.0K,June
Arlington Cemetery,PM Peak (3pm-7pm),0.8K,June
Archives,PM Peak (3pm-7pm),6.4K,June
Anacostia,PM Peak (3pm-7pm),1.5K,June
Addison Road,PM Peak (3pm-7pm),0.1K,June
Woodley Park,Midday (9:30am-3pm),1.8K,June
Wiehle-Reston East,Midday (9:30am-3pm),1.2K,June
Wheaton,Midday (9:30am-3pm),0.8K,June
West Hyattsville,Midday (9:30am-3pm),0.8K,June
West Falls Church,Midday (9:30am-3pm),0.4K,June
Waterfront,Midday (9:30am-3pm),0.9K,June
Virginia Sq-GMU,Midday (9:30am-3pm),0.6K,June
Vienna,Midday (9:30am-3pm),1.5K,June
Van Ness-UDC,Midday (9:30am-3pm),1.2K,June
Van Dorn Street,Midday (9:30am-3pm),0.5K,June
Union Station,Midday (9:30am-3pm),5.1K,June
U Street,Midday (9:30am-3pm),1.1K,June
Tysons,Midday (9:30am-3pm),0.5K,June
Twinbrook,Midday (9:30am-3pm),0.8K,June
Tenleytown-AU,Midday (9:30am-3pm),1.2K,June
Takoma,Midday (9:30am-3pm),1.1K,June
Suitland,Midday (9:30am-3pm),1.0K,June
Stadium-Armory,Midday (9:30am-3pm),0.3K,June
Spring Hill,Midday (9:30am-3pm),0.3K,June
Southern Ave,Midday (9:30am-3pm),1.1K,June
Smithsonian,Midday (9:30am-3pm),1.9K,June
Silver Spring,Midday (9:30am-3pm),2.5K,June
Shaw-Howard U,Midday (9:30am-3pm),1.0K,June
Shady Grove,Midday (9:30am-3pm),2.1K,June
Rosslyn,Midday (9:30am-3pm),2.5K,June
Ronald Reagan Washington National Airport,Midday (9:30am-3pm),2.1K,June
Rockville,Midday (9:30am-3pm),0.9K,June
Rhode Island Ave,Midday (9:30am-3pm),1.4K,June
Potomac Ave,Midday (9:30am-3pm),0.4K,June
Pentagon City,Midday (9:30am-3pm),2.8K,June
Pentagon,Midday (9:30am-3pm),2.4K,June
North Bethesda,Midday (9:30am-3pm),0.7K,June
NoMa-Gallaudet U,Midday (9:30am-3pm),1.7K,June
New Carrollton,Midday (9:30am-3pm),1.0K,June
Naylor Road,Midday (9:30am-3pm),0.5K,June
Navy Yard-Ballpark,Midday (9:30am-3pm),1.2K,June
Mt Vernon Sq,Midday (9:30am-3pm),0.9K,June
Morgan Boulevard,Midday (9:30am-3pm),0.3K,June
Minnesota Ave,Midday (9:30am-3pm),0.6K,June
Metro Center,Midday (9:30am-3pm),4.0K,June
Medical Center,Midday (9:30am-3pm),0.9K,June
McPherson Sq,Midday (9:30am-3pm),2.1K,June
McLean,Midday (9:30am-3pm),0.3K,June
Landover,Midday (9:30am-3pm),0.2K,June
L'Enfant Plaza,Midday (9:30am-3pm),3.2K,June
King St-Old Town,Midday (9:30am-3pm),1.7K,June
Judiciary Square,Midday (9:30am-3pm),1.6K,June
Hyattsville Crossing,Midday (9:30am-3pm),1.0K,June
Huntington,Midday (9:30am-3pm),1.2K,June
Herndon,Midday (9:30am-3pm),0.0K,June
Grosvenor-Strathmore,Midday (9:30am-3pm),0.9K,June
Greensboro,Midday (9:30am-3pm),0.2K,June
Greenbelt,Midday (9:30am-3pm),1.3K,June
Glenmont,Midday (9:30am-3pm),1.0K,June
Georgia Ave-Petworth,Midday (9:30am-3pm),1.2K,June
Gallery Place,Midday (9:30am-3pm),3.8K,June
Friendship Heights,Midday (9:30am-3pm),1.9K,June
Franconia-Springfield,Midday (9:30am-3pm),1.5K,June
Fort Totten,Midday (9:30am-3pm),1.7K,June
Forest Glen,Midday (9:30am-3pm),0.3K,June
Foggy Bottom-GWU,Midday (9:30am-3pm),3.4K,June
Federal Triangle,Midday (9:30am-3pm),1.3K,June
Federal Center SW,Midday (9:30am-3pm),0.9K,June
Farragut West,Midday (9:30am-3pm),2.9K,June
Farragut North,Midday (9:30am-3pm),3.6K,June
Eisenhower Ave,Midday (9:30am-3pm),0.4K,June
Eastern Market,Midday (9:30am-3pm),2.2K,June
East Falls Church,Midday (9:30am-3pm),0.7K,June
Dupont Circle,Midday (9:30am-3pm),3.3K,June
Dunn Loring,Midday (9:30am-3pm),0.7K,June
Downtown Largo,Midday (9:30am-3pm),0.5K,June
Deanwood,Midday (9:30am-3pm),0.2K,June
Crystal City,Midday (9:30am-3pm),2.3K,June
Court House,Midday (9:30am-3pm),1.1K,June
Congress Heights,Midday (9:30am-3pm),0.6K,June
Columbia Heights,Midday (9:30am-3pm),2.4K,June
College Park-U of Md,Midday (9:30am-3pm),1.3K,June
Cleveland Park,Midday (9:30am-3pm),0.8K,June
Clarendon,Midday (9:30am-3pm),0.7K,June
Cheverly,Midday (9:30am-3pm),0.2K,June
Capitol South,Midday (9:30am-3pm),1.7K,June
Capitol Heights,Midday (9:30am-3pm),0.3K,June
Brookland-CUA,Midday (9:30am-3pm),1.3K,June
Branch Ave,Midday (9:30am-3pm),0.9K,June
Braddock Road,Midday (9:30am-3pm),0.7K,June
Bethesda,Midday (9:30am-3pm),1.8K,June
Benning Road,Midday (9:30am-3pm),0.6K,June
Ballston-MU,Midday (9:30am-3pm),1.7K,June
Arlington Cemetery,Midday (9:30am-3pm),1.0K,June
Archives,Midday (9:30am-3pm),1.6K,June
Anacostia,Midday (9:30am-3pm),1.7K,June
Addison Road,Midday (9:30am-3pm),0.5K,June
Woodley Park,Late Night (12am-Close),0.0K,June
Wiehle-Reston East,Late Night (12am-Close),0.0K,June
Wheaton,Late Night (12am-Close),0.0K,June
West Hyattsville,Late Night (12am-Close),0.0K,June
West Falls Church,Late Night (12am-Close),0.0K,June
Waterfront,Late Night (12am-Close),0.0K,June
Virginia Sq-GMU,Late Night (12am-Close),0.0K,June
Vienna,Late Night (12am-Close),0.0K,June
Van Ness-UDC,Late Night (12am-Close),0.0K,June
Van Dorn Street,Late Night (12am-Close),0.0K,June
Union Station,Late Night (12am-Close),0.0K,June
U Street,Late Night (12am-Close),0.0K,June
Tysons,Late Night (12am-Close),0.0K,June
Twinbrook,Late Night (12am-Close),0.0K,June
Tenleytown-AU,Late Night (12am-Close),0.0K,June
Takoma,Late Night (12am-Close),0.0K,June
Suitland,Late Night (12am-Close),0.0K,June
Stadium-Armory,Late Night (12am-Close),0.0K,June
Spring Hill,Late Night (12am-Close),0.0K,June
Southern Ave,Late Night (12am-Close),0.0K,June
Smithsonian,Late Night (12am-Close),0.0K,June
Silver Spring,Late Night (12am-Close),0.0K,June
Shaw-Howard U,Late Night (12am-Close),0.0K,June
Shady Grove,Late Night (12am-Close),0.0K,June
Rosslyn,Late Night (12am-Close),0.0K,June
Ronald Reagan Washington National Airport,Late Night (12am-Close),0.0K,June
Rockville,Late Night (12am-Close),0.0K,June
Rhode Island Ave,Late Night (12am-Close),0.0K,June
Potomac Ave,Late Night (12am-Close),0.0K,June
Pentagon City,Late Night (12am-Close),0.0K,June
Pentagon,Late Night (12am-Close),0.0K,June
North Bethesda,Late Night (12am-Close),0.0K,June
NoMa-Gallaudet U,Late Night (12am-Close),0.0K,June
New Carrollton,Late Night (12am-Close),0.0K,June
Naylor Road,Late Night (12am-Close),0.0K,June
Navy Yard-Ballpark,Late Night (12am-Close),0.0K,June
Mt Vernon Sq,Late Night (12am-Close),0.0K,June
Morgan Boulevard,Late Night (12am-Close),0.0K,June
Minnesota Ave,Late Night (12am-Close),0.0K,June
Metro Center,Late Night (12am-Close),0.0K,June
Medical Center,Late Night (12am-Close),0.0K,June
McPherson Sq,Late Night (12am-Close),0.0K,June
McLean,Late Night (12am-Close),0.0K,June
Landover,Late Night (12am-Close),0.0K,June
L'Enfant Plaza,Late Night (12am-Close),0.0K,June
King St-Old Town,Late Night (12am-Close),0.0K,June
Judiciary Square,Late Night (12am-Close),0.0K,June
Hyattsville Crossing,Late Night (12am-Close),0.0K,June
Huntington,Late Night (12am-Close),0.0K,June
Grosvenor-Strathmore,Late Night (12am-Close),0.0K,June
Greensboro,Late Night (12am-Close),0.0K,June
Greenbelt,Late Night (12am-Close),0.0K,June
Glenmont,Late Night (12am-Close),0.0K,June
Georgia Ave-Petworth,Late Night (12am-Close),0.0K,June
Gallery Place,Late Night (12am-Close),0.0K,June
Friendship Heights,Late Night (12am-Close),0.0K,June
Franconia-Springfield,Late Night (12am-Close),0.0K,June
Fort Totten,Late Night (12am-Close),0.0K,June
Forest Glen,Late Night (12am-Close),0.0K,June
Foggy Bottom-GWU,Late Night (12am-Close),0.0K,June
Federal Triangle,Late Night (12am-Close),0.0K,June
Federal Center SW,Late Night (12am-Close),0.0K,June
Farragut West,Late Night (12am-Close),0.0K,June
Farragut North,Late Night (12am-Close),0.0K,June
Eisenhower Ave,Late Night (12am-Close),0.0K,June
Eastern Market,Late Night (12am-Close),0.0K,June
East Falls Church,Late Night (12am-Close),0.0K,June
Dupont Circle,Late Night (12am-Close),0.0K,June
Dunn Loring,Late Night (12am-Close),0.0K,June
Downtown Largo,Late Night (12am-Close),0.0K,June
Deanwood,Late Night (12am-Close),0.0K,June
Crystal City,Late Night (12am-Close),0.0K,June
Court House,Late Night (12am-Close),0.0K,June
Congress Heights,Late Night (12am-Close),0.0K,June
Columbia Heights,Late Night (12am-Close),0.0K,June
College Park-U of Md,Late Night (12am-Close),0.0K,June
Cleveland Park,Late Night (12am-Close),0.0K,June
Clarendon,Late Night (12am-Close),0.0K,June
Cheverly,Late Night (12am-Close),0.0K,June
Capitol South,Late Night (12am-Close),0.0K,June
Capitol Heights,Late Night (12am-Close),0.0K,June
Brookland-CUA,Late Night (12am-Close),0.0K,June
Branch Ave,Late Night (12am-Close),0.0K,June
Braddock Road,Late Night (12am-Close),0.0K,June
Bethesda,Late Night (12am-Close),0.0K,June
Benning Road,Late Night (12am-Close),0.0K,June
Ballston-MU,Late Night (12am-Close),0.0K,June
Archives,Late Night (12am-Close),0.0K,June
Anacostia,Late Night (12am-Close),0.0K,June
Addison Road,Late Night (12am-Close),0.0K,June
Woodley Park,Evening (7pm-12am),0.8K,June
Wiehle-Reston East,Evening (7pm-12am),0.3K,June
Wheaton,Evening (7pm-12am),0.3K,June
West Hyattsville,Evening (7pm-12am),0.2K,June
West Falls Church,Evening (7pm-12am),0.1K,June
Waterfront,Evening (7pm-12am),0.4K,June
Virginia Sq-GMU,Evening (7pm-12am),0.3K,June
Vienna,Evening (7pm-12am),0.2K,June
Van Ness-UDC,Evening (7pm-12am),0.4K,June
Van Dorn Street,Evening (7pm-12am),0.1K,June
Union Station,Evening (7pm-12am),3.6K,June
U Street,Evening (7pm-12am),1.5K,June
Tysons,Evening (7pm-12am),0.6K,June
Twinbrook,Evening (7pm-12am),0.3K,June
Tenleytown-AU,Evening (7pm-12am),0.6K,June
Takoma,Evening (7pm-12am),0.3K,June
Suitland,Evening (7pm-12am),0.3K,June
Stadium-Armory,Evening (7pm-12am),0.3K,June
Spring Hill,Evening (7pm-12am),0.1K,June
Southern Ave,Evening (7pm-12am),0.3K,June
Smithsonian,Evening (7pm-12am),1.4K,June
Silver Spring,Evening (7pm-12am),1.0K,June
Shaw-Howard U,Evening (7pm-12am),0.6K,June
Shady Grove,Evening (7pm-12am),0.3K,June
Rosslyn,Evening (7pm-12am),1.2K,June
Ronald Reagan Washington National Airport,Evening (7pm-12am),1.4K,June
Rockville,Evening (7pm-12am),0.3K,June
Rhode Island Ave,Evening (7pm-12am),0.4K,June
Potomac Ave,Evening (7pm-12am),0.1K,June
Pentagon City,Evening (7pm-12am),1.5K,June
Pentagon,Evening (7pm-12am),0.4K,June
North Bethesda,Evening (7pm-12am),0.3K,June
NoMa-Gallaudet U,Evening (7pm-12am),0.7K,June
New Carrollton,Evening (7pm-12am),0.1K,June
Naylor Road,Evening (7pm-12am),0.2K,June
Navy Yard-Ballpark,Evening (7pm-12am),4.2K,June
Mt Vernon Sq,Evening (7pm-12am),0.8K,June
Morgan Boulevard,Evening (7pm-12am),0.0K,June
Minnesota Ave,Evening (7pm-12am),0.5K,June
Metro Center,Evening (7pm-12am),4.7K,June
Medical Center,Evening (7pm-12am),0.5K,June
McPherson Sq,Evening (7pm-12am),1.8K,June
McLean,Evening (7pm-12am),0.1K,June
Landover,Evening (7pm-12am),0.0K,June
L'Enfant Plaza,Evening (7pm-12am),1.8K,June
King St-Old Town,Evening (7pm-12am),0.9K,June
Judiciary Square,Evening (7pm-12am),0.7K,June
Hyattsville Crossing,Evening (7pm-12am),0.4K,June
Huntington,Evening (7pm-12am),0.2K,June
Grosvenor-Strathmore,Evening (7pm-12am),0.2K,June
Greensboro,Evening (7pm-12am),0.1K,June
Greenbelt,Evening (7pm-12am),0.3K,June
Glenmont,Evening (7pm-12am),0.2K,June
Georgia Ave-Petworth,Evening (7pm-12am),0.5K,June
Gallery Place,Evening (7pm-12am),5.9K,June
Friendship Heights,Evening (7pm-12am),0.9K,June
Franconia-Springfield,Evening (7pm-12am),0.2K,June
Fort Totten,Evening (7pm-12am),0.5K,June
Forest Glen,Evening (7pm-12am),0.1K,June
Foggy Bottom-GWU,Evening (7pm-12am),3.5K,June
Federal Triangle,Evening (7pm-12am),0.9K,June
Federal Center SW,Evening (7pm-12am),0.4K,June
Farragut West,Evening (7pm-12am),2.8K,June
Farragut North,Evening (7pm-12am),3.9K,June
Eisenhower Ave,Evening (7pm-12am),0.1K,June
Eastern Market,Evening (7pm-12am),0.9K,June
East Falls Church,Evening (7pm-12am),0.2K,June
Dupont Circle,Evening (7pm-12am),3.7K,June
Dunn Loring,Evening (7pm-12am),0.2K,June
Downtown Largo,Evening (7pm-12am),0.1K,June
Deanwood,Evening (7pm-12am),0.0K,June
Crystal City,Evening (7pm-12am),0.8K,June
Court House,Evening (7pm-12am),0.5K,June
Congress Heights,Evening (7pm-12am),0.1K,June
Columbia Heights,Evening (7pm-12am),1.4K,June
College Park-U of Md,Evening (7pm-12am),0.3K,June
Cleveland Park,Evening (7pm-12am),0.3K,June
Clarendon,Evening (7pm-12am),0.5K,June
Cheverly,Evening (7pm-12am),0.0K,June
Capitol South,Evening (7pm-12am),1.0K,June
Capitol Heights,Evening (7pm-12am),0.1K,June
Brookland-CUA,Evening (7pm-12am),0.5K,June
Branch Ave,Evening (7pm-12am),0.2K,June
Braddock Road,Evening (7pm-12am),0.2K,June
Bethesda,Evening (7pm-12am),1.2K,June
Benning Road,Evening (7pm-12am),0.4K,June
Ballston-MU,Evening (7pm-12am),0.7K,June
Arlington Cemetery,Evening (7pm-12am),0.2K,June
Archives,Evening (7pm-12am),1.4K,June
Anacostia,Evening (7pm-12am),0.4K,June
Addison Road,Evening (7pm-12am),0.1K,June
Woodley Park,AM Peak (Open-9:30am),2.7K,June
Wiehle-Reston East,AM Peak (Open-9:30am),4.2K,June
Wheaton,AM Peak (Open-9:30am),2.2K,June
West Hyattsville,AM Peak (Open-9:30am),2.1K,June
West Falls Church,AM Peak (Open-9:30am),1.4K,June
Waterfront,AM Peak (Open-9:30am),1.2K,June
Virginia Sq-GMU,AM Peak (Open-9:30am),1.8K,June
Vienna,AM Peak (Open-9:30am),6.1K,June
Van Ness-UDC,AM Peak (Open-9:30am),2.5K,June
Van Dorn Street,AM Peak (Open-9:30am),2.1K,June
Union Station,AM Peak (Open-9:30am),10.0K,June
U Street,AM Peak (Open-9:30am),1.9K,June
Tysons,AM Peak (Open-9:30am),0.5K,June
Twinbrook,AM Peak (Open-9:30am),2.2K,June
Tenleytown-AU,AM Peak (Open-9:30am),1.8K,June
Takoma,AM Peak (Open-9:30am),3.0K,June
Suitland,AM Peak (Open-9:30am),3.5K,June
Stadium-Armory,AM Peak (Open-9:30am),0.6K,June
Spring Hill,AM Peak (Open-9:30am),0.4K,June
Southern Ave,AM Peak (Open-9:30am),2.9K,June
Smithsonian,AM Peak (Open-9:30am),0.2K,June
Silver Spring,AM Peak (Open-9:30am),6.1K,June
Shaw-Howard U,AM Peak (Open-9:30am),1.5K,June
Shady Grove,AM Peak (Open-9:30am),8.7K,June
Rosslyn,AM Peak (Open-9:30am),4.1K,June
Ronald Reagan Washington National Airport,AM Peak (Open-9:30am),0.7K,June
Rockville,AM Peak (Open-9:30am),2.3K,June
Rhode Island Ave,AM Peak (Open-9:30am),2.7K,June
Potomac Ave,AM Peak (Open-9:30am),1.0K,June
Pentagon City,AM Peak (Open-9:30am),5.4K,June
Pentagon,AM Peak (Open-9:30am),5.6K,June
North Bethesda,AM Peak (Open-9:30am),1.5K,June
NoMa-Gallaudet U,AM Peak (Open-9:30am),2.7K,June
New Carrollton,AM Peak (Open-9:30am),3.1K,June
Naylor Road,AM Peak (Open-9:30am),1.5K,June
Navy Yard-Ballpark,AM Peak (Open-9:30am),1.1K,June
Mt Vernon Sq,AM Peak (Open-9:30am),1.2K,June
Morgan Boulevard,AM Peak (Open-9:30am),0.9K,June
Minnesota Ave,AM Peak (Open-9:30am),0.7K,June
Metro Center,AM Peak (Open-9:30am),1.5K,June
Medical Center,AM Peak (Open-9:30am),0.8K,June
McPherson Sq,AM Peak (Open-9:30am),1.4K,June
McLean,AM Peak (Open-9:30am),0.7K,June
Landover,AM Peak (Open-9:30am),0.7K,June
L'Enfant Plaza,AM Peak (Open-9:30am),2.6K,June
King St-Old Town,AM Peak (Open-9:30am),2.9K,June
Judiciary Square,AM Peak (Open-9:30am),0.5K,June
Hyattsville Crossing,AM Peak (Open-9:30am),2.3K,June
Huntington,AM Peak (Open-9:30am),5.3K,June
Grosvenor-Strathmore,AM Peak (Open-9:30am),3.6K,June
Greensboro,AM Peak (Open-9:30am),0.3K,June
Greenbelt,AM Peak (Open-9:30am),4.5K,June
Glenmont,AM Peak (Open-9:30am),4.3K,June
Georgia Ave-Petworth,AM Peak (Open-9:30am),2.7K,June
Gallery Place,AM Peak (Open-9:30am),1.7K,June
Friendship Heights,AM Peak (Open-9:30am),3.0K,June
Franconia-Springfield,AM Peak (Open-9:30am),4.6K,June
Fort Totten,AM Peak (Open-9:30am),3.8K,June
Forest Glen,AM Peak (Open-9:30am),1.6K,June
Foggy Bottom-GWU,AM Peak (Open-9:30am),3.4K,June
Federal Triangle,AM Peak (Open-9:30am),0.1K,June
Federal Center SW,AM Peak (Open-9:30am),0.4K,June
Farragut West,AM Peak (Open-9:30am),1.4K,June
Farragut North,AM Peak (Open-9:30am),1.4K,June
Eisenhower Ave,AM Peak (Open-9:30am),0.8K,June
Eastern Market,AM Peak (Open-9:30am),3.7K,June
East Falls Church,AM Peak (Open-9:30am),2.2K,June
Dupont Circle,AM Peak (Open-9:30am),3.6K,June
Dunn Loring,AM Peak (Open-9:30am),2.1K,June
Downtown Largo,AM Peak (Open-9:30am),2.2K,June
Deanwood,AM Peak (Open-9:30am),0.5K,June
Crystal City,AM Peak (Open-9:30am),3.8K,June
Court House,AM Peak (Open-9:30am),3.0K,June
Congress Heights,AM Peak (Open-9:30am),1.1K,June
Columbia Heights,AM Peak (Open-9:30am),4.1K,June
College Park-U of Md,AM Peak (Open-9:30am),2.5K,June
Cleveland Park,AM Peak (Open-9:30am),2.0K,June
Clarendon,AM Peak (Open-9:30am),1.7K,June
Cheverly,AM Peak (Open-9:30am),0.5K,June
Capitol South,AM Peak (Open-9:30am),0.8K,June
Capitol Heights,AM Peak (Open-9:30am),0.7K,June
Brookland-CUA,AM Peak (Open-9:30am),2.3K,June
Branch Ave,AM Peak (Open-9:30am),4.6K,June
Braddock Road,AM Peak (Open-9:30am),2.7K,June
Bethesda,AM Peak (Open-9:30am),3.1K,June
Benning Road,AM Peak (Open-9:30am),0.9K,June
Ballston-MU,AM Peak (Open-9:30am),4.3K,June
Arlington Cemetery,AM Peak (Open-9:30am),0.0K,June
Archives,AM Peak (Open-9:30am),0.4K,June
Anacostia,AM Peak (Open-9:30am),2.6K,June
Addison Road,AM Peak (Open-9:30am),1.2K,June
Woodley Park,PM Peak (3pm-7pm),1.5K,September
Wiehle-Reston East,PM Peak (3pm-7pm),1.3K,September
Wheaton,PM Peak (3pm-7pm),0.5K,September
West Hyattsville,PM Peak (3pm-7pm),0.5K,September
West Falls Church,PM Peak (3pm-7pm),0.4K,September
Waterfront,PM Peak (3pm-7pm),1.3K,September
Virginia Sq-GMU,PM Peak (3pm-7pm),0.9K,September
Vienna,PM Peak (3pm-7pm),0.7K,September
Van Ness-UDC,PM Peak (3pm-7pm),1.4K,September
Van Dorn Street,PM Peak (3pm-7pm),0.3K,September
Union Station,PM Peak (3pm-7pm),10.6K,September
U Street,PM Peak (3pm-7pm),1.7K,September
Tysons,PM Peak (3pm-7pm),1.3K,September
Twinbrook,PM Peak (3pm-7pm),0.9K,September
Tenleytown-AU,PM Peak (3pm-7pm),2.3K,September
Takoma,PM Peak (3pm-7pm),0.7K,September
Suitland,PM Peak (3pm-7pm),0.9K,September
Stadium-Armory,PM Peak (3pm-7pm),0.5K,September
Spring Hill,PM Peak (3pm-7pm),0.4K,September
Southern Ave,PM Peak (3pm-7pm),0.5K,September
Smithsonian,PM Peak (3pm-7pm),5.3K,September
Silver Spring,PM Peak (3pm-7pm),2.7K,September
Shaw-Howard U,PM Peak (3pm-7pm),1.4K,September
Shady Grove,PM Peak (3pm-7pm),1.1K,September
Rosslyn,PM Peak (3pm-7pm),4.9K,September
Ronald Reagan Washington National Airport,PM Peak (3pm-7pm),1.9K,September
Rockville,PM Peak (3pm-7pm),0.8K,September
Rhode Island Ave,PM Peak (3pm-7pm),1.0K,September
Potomac Ave,PM Peak (3pm-7pm),0.5K,September
Pentagon City,PM Peak (3pm-7pm),3.1K,September
Pentagon,PM Peak (3pm-7pm),5.0K,September
North Bethesda,PM Peak (3pm-7pm),1.0K,September
NoMa-Gallaudet U,PM Peak (3pm-7pm),3.6K,September
New Carrollton,PM Peak (3pm-7pm),0.8K,September
Naylor Road,PM Peak (3pm-7pm),0.3K,September
Navy Yard-Ballpark,PM Peak (3pm-7pm),4.0K,September
Mt Vernon Sq,PM Peak (3pm-7pm),1.6K,September
Morgan Boulevard,PM Peak (3pm-7pm),0.2K,September
Minnesota Ave,PM Peak (3pm-7pm),0.5K,September
Metro Center,PM Peak (3pm-7pm),13.0K,September
Medical Center,PM Peak (3pm-7pm),3.1K,September
McPherson Sq,PM Peak (3pm-7pm),7.3K,September
McLean,PM Peak (3pm-7pm),0.5K,September
Landover,PM Peak (3pm-7pm),0.1K,September
L'Enfant Plaza,PM Peak (3pm-7pm),12.1K,September
King St-Old Town,PM Peak (3pm-7pm),2.2K,September
Judiciary Square,PM Peak (3pm-7pm),5.1K,September
Hyattsville Crossing,PM Peak (3pm-7pm),0.8K,September
Huntington,PM Peak (3pm-7pm),0.6K,September
Herndon,PM Peak (3pm-7pm),0.0K,September
Grosvenor-Strathmore,PM Peak (3pm-7pm),0.6K,September
Greensboro,PM Peak (3pm-7pm),0.5K,September
Greenbelt,PM Peak (3pm-7pm),0.7K,September
Glenmont,PM Peak (3pm-7pm),0.4K,September
Georgia Ave-Petworth,PM Peak (3pm-7pm),1.2K,September
Gallery Place,PM Peak (3pm-7pm),10.6K,September
Friendship Heights,PM Peak (3pm-7pm),2.4K,September
Franconia-Springfield,PM Peak (3pm-7pm),0.6K,September
Fort Totten,PM Peak (3pm-7pm),1.7K,September
Forest Glen,PM Peak (3pm-7pm),0.2K,September
Foggy Bottom-GWU,PM Peak (3pm-7pm),9.3K,September
Federal Triangle,PM Peak (3pm-7pm),5.0K,September
Federal Center SW,PM Peak (3pm-7pm),3.5K,September
Farragut West,PM Peak (3pm-7pm),11.3K,September
Farragut North,PM Peak (3pm-7pm),14.1K,September
Eisenhower Ave,PM Peak (3pm-7pm),0.3K,September
Eastern Market,PM Peak (3pm-7pm),1.3K,September
East Falls Church,PM Peak (3pm-7pm),0.6K,September
Dupont Circle,PM Peak (3pm-7pm),7.1K,September
Dunn Loring,PM Peak (3pm-7pm),0.5K,September
Downtown Largo,PM Peak (3pm-7pm),0.4K,September
Deanwood,PM Peak (3pm-7pm),0.2K,September
Crystal City,PM Peak (3pm-7pm),4.1K,September
Court House,PM Peak (3pm-7pm),1.6K,September
Congress Heights,PM Peak (3pm-7pm),0.4K,September
Columbia Heights,PM Peak (3pm-7pm),3.0K,September
College Park-U of Md,PM Peak (3pm-7pm),1.2K,September
Cleveland Park,PM Peak (3pm-7pm),0.6K,September
Clarendon,PM Peak (3pm-7pm),0.9K,September
Cheverly,PM Peak (3pm-7pm),0.1K,September
Capitol South,PM Peak (3pm-7pm),3.5K,September
Capitol Heights,PM Peak (3pm-7pm),0.2K,September
Brookland-CUA,PM Peak (3pm-7pm),1.9K,September
Branch Ave,PM Peak (3pm-7pm),0.4K,September
Braddock Road,PM Peak (3pm-7pm),0.8K,September
Bethesda,PM Peak (3pm-7pm),3.4K,September
Benning Road,PM Peak (3pm-7pm),0.4K,September
Ballston-MU,PM Peak (3pm-7pm),2.9K,September
Arlington Cemetery,PM Peak (3pm-7pm),0.4K,September
Archives,PM Peak (3pm-7pm),5.3K,September
Anacostia,PM Peak (3pm-7pm),1.5K,September
Addison Road,PM Peak (3pm-7pm),0.3K,September
Woodley Park,Midday (9:30am-3pm),1.4K,September
Wiehle-Reston East,Midday (9:30am-3pm),1.0K,September
Wheaton,Midday (9:30am-3pm),0.7K,September
West Hyattsville,Midday (9:30am-3pm),0.7K,September
West Falls Church,Midday (9:30am-3pm),0.5K,September
Waterfront,Midday (9:30am-3pm),0.9K,September
Virginia Sq-GMU,Midday (9:30am-3pm),0.6K,September
Vienna,Midday (9:30am-3pm),1.1K,September
Van Ness-UDC,Midday (9:30am-3pm),1.3K,September
Van Dorn Street,Midday (9:30am-3pm),0.4K,September
Union Station,Midday (9:30am-3pm),4.8K,September
U Street,Midday (9:30am-3pm),1.0K,September
Tysons,Midday (9:30am-3pm),0.5K,September
Twinbrook,Midday (9:30am-3pm),0.7K,September
Tenleytown-AU,Midday (9:30am-3pm),1.3K,September
Takoma,Midday (9:30am-3pm),1.0K,September
Suitland,Midday (9:30am-3pm),0.8K,September
Stadium-Armory,Midday (9:30am-3pm),0.5K,September
Spring Hill,Midday (9:30am-3pm),0.2K,September
Southern Ave,Midday (9:30am-3pm),1.0K,September
Smithsonian,Midday (9:30am-3pm),1.5K,September
Silver Spring,Midday (9:30am-3pm),2.3K,September
Shaw-Howard U,Midday (9:30am-3pm),0.9K,September
Shady Grove,Midday (9:30am-3pm),1.7K,September
Rosslyn,Midday (9:30am-3pm),2.4K,September
Ronald Reagan Washington National Airport,Midday (9:30am-3pm),1.9K,September
Rockville,Midday (9:30am-3pm),0.8K,September
Rhode Island Ave,Midday (9:30am-3pm),1.2K,September
Potomac Ave,Midday (9:30am-3pm),0.7K,September
Pentagon City,Midday (9:30am-3pm),2.6K,September
Pentagon,Midday (9:30am-3pm),2.4K,September
North Bethesda,Midday (9:30am-3pm),0.6K,September
NoMa-Gallaudet U,Midday (9:30am-3pm),1.5K,September
New Carrollton,Midday (9:30am-3pm),1.1K,September
Naylor Road,Midday (9:30am-3pm),0.5K,September
Navy Yard-Ballpark,Midday (9:30am-3pm),1.2K,September
Mt Vernon Sq,Midday (9:30am-3pm),0.8K,September
Morgan Boulevard,Midday (9:30am-3pm),0.3K,September
Minnesota Ave,Midday (9:30am-3pm),0.5K,September
Metro Center,Midday (9:30am-3pm),3.6K,September
Medical Center,Midday (9:30am-3pm),0.8K,September
McPherson Sq,Midday (9:30am-3pm),2.0K,September
McLean,Midday (9:30am-3pm),0.3K,September
Landover,Midday (9:30am-3pm),0.3K,September
L'Enfant Plaza,Midday (9:30am-3pm),2.8K,September
King St-Old Town,Midday (9:30am-3pm),1.4K,September
Judiciary Square,Midday (9:30am-3pm),1.5K,September
Hyattsville Crossing,Midday (9:30am-3pm),0.9K,September
Huntington,Midday (9:30am-3pm),1.1K,September
Herndon,Midday (9:30am-3pm),0.0K,September
Grosvenor-Strathmore,Midday (9:30am-3pm),0.8K,September
Greensboro,Midday (9:30am-3pm),0.2K,September
Greenbelt,Midday (9:30am-3pm),1.0K,September
Glenmont,Midday (9:30am-3pm),0.9K,September
Georgia Ave-Petworth,Midday (9:30am-3pm),1.1K,September
Gallery Place,Midday (9:30am-3pm),3.2K,September
Friendship Heights,Midday (9:30am-3pm),1.7K,September
Franconia-Springfield,Midday (9:30am-3pm),1.0K,September
Fort Totten,Midday (9:30am-3pm),1.5K,September
Forest Glen,Midday (9:30am-3pm),0.3K,September
Foggy Bottom-GWU,Midday (9:30am-3pm),3.3K,September
Federal Triangle,Midday (9:30am-3pm),1.2K,September
Federal Center SW,Midday (9:30am-3pm),0.9K,September
Farragut West,Midday (9:30am-3pm),2.8K,September
Farragut North,Midday (9:30am-3pm),3.2K,September
Eisenhower Ave,Midday (9:30am-3pm),0.3K,September
Eastern Market,Midday (9:30am-3pm),1.1K,September
East Falls Church,Midday (9:30am-3pm),0.6K,September
Dupont Circle,Midday (9:30am-3pm),3.0K,September
Dunn Loring,Midday (9:30am-3pm),0.5K,September
Downtown Largo,Midday (9:30am-3pm),0.6K,September
Deanwood,Midday (9:30am-3pm),0.3K,September
Crystal City,Midday (9:30am-3pm),2.1K,September
Court House,Midday (9:30am-3pm),1.1K,September
Congress Heights,Midday (9:30am-3pm),0.5K,September
Columbia Heights,Midday (9:30am-3pm),2.2K,September
College Park-U of Md,Midday (9:30am-3pm),0.9K,September
Cleveland Park,Midday (9:30am-3pm),0.8K,September
Clarendon,Midday (9:30am-3pm),0.7K,September
Cheverly,Midday (9:30am-3pm),0.2K,September
Capitol South,Midday (9:30am-3pm),1.3K,September
Capitol Heights,Midday (9:30am-3pm),0.3K,September
Brookland-CUA,Midday (9:30am-3pm),1.3K,September
Branch Ave,Midday (9:30am-3pm),0.7K,September
Braddock Road,Midday (9:30am-3pm),0.6K,September
Bethesda,Midday (9:30am-3pm),1.7K,September
Benning Road,Midday (9:30am-3pm),0.6K,September
Ballston-MU,Midday (9:30am-3pm),1.7K,September
Arlington Cemetery,Midday (9:30am-3pm),0.5K,September
Archives,Midday (9:30am-3pm),1.3K,September
Anacostia,Midday (9:30am-3pm),1.6K,September
Addison Road,Midday (9:30am-3pm),0.6K,September
Woodley Park,Late Night (12am-Close),0.0K,September
Wiehle-Reston East,Late Night (12am-Close),0.0K,September
Wheaton,Late Night (12am-Close),0.0K,September
West Hyattsville,Late Night (12am-Close),0.0K,September
West Falls Church,Late Night (12am-Close),0.0K,September
Waterfront,Late Night (12am-Close),0.0K,September
Virginia Sq-GMU,Late Night (12am-Close),0.0K,September
Vienna,Late Night (12am-Close),0.0K,September
Van Ness-UDC,Late Night (12am-Close),0.0K,September
Van Dorn Street,Late Night (12am-Close),0.0K,September
Union Station,Late Night (12am-Close),0.0K,September
U Street,Late Night (12am-Close),0.0K,September
Tysons,Late Night (12am-Close),0.0K,September
Twinbrook,Late Night (12am-Close),0.0K,September
Tenleytown-AU,Late Night (12am-Close),0.0K,September
Takoma,Late Night (12am-Close),0.0K,September
Suitland,Late Night (12am-Close),0.0K,September
Stadium-Armory,Late Night (12am-Close),0.0K,September
Spring Hill,Late Night (12am-Close),0.0K,September
Southern Ave,Late Night (12am-Close),0.0K,September
Smithsonian,Late Night (12am-Close),0.0K,September
Silver Spring,Late Night (12am-Close),0.0K,September
Shaw-Howard U,Late Night (12am-Close),0.0K,September
Shady Grove,Late Night (12am-Close),0.0K,September
Rosslyn,Late Night (12am-Close),0.0K,September
Ronald Reagan Washington National Airport,Late Night (12am-Close),0.0K,September
Rockville,Late Night (12am-Close),0.0K,September
Rhode Island Ave,Late Night (12am-Close),0.0K,September
Potomac Ave,Late Night (12am-Close),0.0K,September
Pentagon City,Late Night (12am-Close),0.0K,September
Pentagon,Late Night (12am-Close),0.0K,September
North Bethesda,Late Night (12am-Close),0.0K,September
NoMa-Gallaudet U,Late Night (12am-Close),0.0K,September
New Carrollton,Late Night (12am-Close),0.0K,September
Naylor Road,Late Night (12am-Close),0.0K,September
Navy Yard-Ballpark,Late Night (12am-Close),0.0K,September
Mt Vernon Sq,Late Night (12am-Close),0.0K,September
Morgan Boulevard,Late Night (12am-Close),0.0K,September
Minnesota Ave,Late Night (12am-Close),0.0K,September
Metro Center,Late Night (12am-Close),0.0K,September
Medical Center,Late Night (12am-Close),0.0K,September
McPherson Sq,Late Night (12am-Close),0.0K,September
McLean,Late Night (12am-Close),0.0K,September
Landover,Late Night (12am-Close),0.0K,September
L'Enfant Plaza,Late Night (12am-Close),0.0K,September
King St-Old Town,Late Night (12am-Close),0.0K,September
Judiciary Square,Late Night (12am-Close),0.0K,September
Hyattsville Crossing,Late Night (12am-Close),0.0K,September
Huntington,Late Night (12am-Close),0.0K,September
Grosvenor-Strathmore,Late Night (12am-Close),0.0K,September
Greensboro,Late Night (12am-Close),0.0K,September
Greenbelt,Late Night (12am-Close),0.0K,September
Glenmont,Late Night (12am-Close),0.0K,September
Georgia Ave-Petworth,Late Night (12am-Close),0.0K,September
Gallery Place,Late Night (12am-Close),0.0K,September
Friendship Heights,Late Night (12am-Close),0.0K,September
Franconia-Springfield,Late Night (12am-Close),0.0K,September
Fort Totten,Late Night (12am-Close),0.0K,September
Forest Glen,Late Night (12am-Close),0.0K,September
Foggy Bottom-GWU,Late Night (12am-Close),0.0K,September
Federal Triangle,Late Night (12am-Close),0.0K,September
Federal Center SW,Late Night (12am-Close),0.0K,September
Farragut West,Late Night (12am-Close),0.0K,September
Farragut North,Late Night (12am-Close),0.0K,September
Eisenhower Ave,Late Night (12am-Close),0.0K,September
Eastern Market,Late Night (12am-Close),0.0K,September
East Falls Church,Late Night (12am-Close),0.0K,September
Dupont Circle,Late Night (12am-Close),0.0K,September
Dunn Loring,Late Night (12am-Close),0.0K,September
Downtown Largo,Late Night (12am-Close),0.0K,September
Deanwood,Late Night (12am-Close),0.0K,September
Crystal City,Late Night (12am-Close),0.0K,September
Court House,Late Night (12am-Close),0.0K,September
Congress Heights,Late Night (12am-Close),0.0K,September
Columbia Heights,Late Night (12am-Close),0.0K,September
College Park-U of Md,Late Night (12am-Close),0.0K,September
Cleveland Park,Late Night (12am-Close),0.0K,September
Clarendon,Late Night (12am-Close),0.0K,September
Cheverly,Late Night (12am-Close),0.0K,September
Capitol South,Late Night (12am-Close),0.0K,September
Capitol Heights,Late Night (12am-Close),0.0K,September
Brookland-CUA,Late Night (12am-Close),0.0K,September
Branch Ave,Late Night (12am-Close),0.0K,September
Braddock Road,Late Night (12am-Close),0.0K,September
Bethesda,Late Night (12am-Close),0.0K,September
Benning Road,Late Night (12am-Close),0.0K,September
Ballston-MU,Late Night (12am-Close),0.0K,September
Arlington Cemetery,Late Night (12am-Close),0.0K,September
Archives,Late Night (12am-Close),0.0K,September
Anacostia,Late Night (12am-Close),0.0K,September
Addison Road,Late Night (12am-Close),0.0K,September
Woodley Park,Evening (7pm-12am),0.5K,September
Wiehle-Reston East,Evening (7pm-12am),0.3K,September
Wheaton,Evening (7pm-12am),0.3K,September
West Hyattsville,Evening (7pm-12am),0.2K,September
West Falls Church,Evening (7pm-12am),0.1K,September
Waterfront,Evening (7pm-12am),0.4K,September
Virginia Sq-GMU,Evening (7pm-12am),0.3K,September
Vienna,Evening (7pm-12am),0.2K,September
Van Ness-UDC,Evening (7pm-12am),0.6K,September
Van Dorn Street,Evening (7pm-12am),0.1K,September
Union Station,Evening (7pm-12am),3.1K,September
U Street,Evening (7pm-12am),1.4K,September
Tysons,Evening (7pm-12am),0.7K,September
Twinbrook,Evening (7pm-12am),0.2K,September
Tenleytown-AU,Evening (7pm-12am),1.0K,September
Takoma,Evening (7pm-12am),0.3K,September
Suitland,Evening (7pm-12am),0.2K,September
Stadium-Armory,Evening (7pm-12am),0.2K,September
Spring Hill,Evening (7pm-12am),0.1K,September
Southern Ave,Evening (7pm-12am),0.2K,September
Smithsonian,Evening (7pm-12am),0.8K,September
Silver Spring,Evening (7pm-12am),0.9K,September
Shaw-Howard U,Evening (7pm-12am),0.7K,September
Shady Grove,Evening (7pm-12am),0.3K,September
Rosslyn,Evening (7pm-12am),1.1K,September
Ronald Reagan Washington National Airport,Evening (7pm-12am),1.4K,September
Rockville,Evening (7pm-12am),0.3K,September
Rhode Island Ave,Evening (7pm-12am),0.3K,September
Potomac Ave,Evening (7pm-12am),0.2K,September
Pentagon City,Evening (7pm-12am),1.4K,September
Pentagon,Evening (7pm-12am),0.4K,September
North Bethesda,Evening (7pm-12am),0.2K,September
NoMa-Gallaudet U,Evening (7pm-12am),0.6K,September
New Carrollton,Evening (7pm-12am),0.2K,September
Naylor Road,Evening (7pm-12am),0.2K,September
Navy Yard-Ballpark,Evening (7pm-12am),3.1K,September
Mt Vernon Sq,Evening (7pm-12am),0.6K,September
Morgan Boulevard,Evening (7pm-12am),0.3K,September
Minnesota Ave,Evening (7pm-12am),0.2K,September
Metro Center,Evening (7pm-12am),4.0K,September
Medical Center,Evening (7pm-12am),0.5K,September
McPherson Sq,Evening (7pm-12am),1.6K,September
McLean,Evening (7pm-12am),0.1K,September
Landover,Evening (7pm-12am),0.1K,September
L'Enfant Plaza,Evening (7pm-12am),1.3K,September
King St-Old Town,Evening (7pm-12am),0.8K,September
Judiciary Square,Evening (7pm-12am),0.7K,September
Hyattsville Crossing,Evening (7pm-12am),0.4K,September
Huntington,Evening (7pm-12am),0.2K,September
Grosvenor-Strathmore,Evening (7pm-12am),0.1K,September
Greensboro,Evening (7pm-12am),0.1K,September
Greenbelt,Evening (7pm-12am),0.3K,September
Glenmont,Evening (7pm-12am),0.2K,September
Georgia Ave-Petworth,Evening (7pm-12am),0.4K,September
Gallery Place,Evening (7pm-12am),5.4K,September
Friendship Heights,Evening (7pm-12am),0.8K,September
Franconia-Springfield,Evening (7pm-12am),0.2K,September
Fort Totten,Evening (7pm-12am),0.5K,September
Forest Glen,Evening (7pm-12am),0.1K,September
Foggy Bottom-GWU,Evening (7pm-12am),3.8K,September
Federal Triangle,Evening (7pm-12am),0.7K,September
Federal Center SW,Evening (7pm-12am),0.3K,September
Farragut West,Evening (7pm-12am),2.7K,September
Farragut North,Evening (7pm-12am),3.1K,September
Eisenhower Ave,Evening (7pm-12am),0.1K,September
Eastern Market,Evening (7pm-12am),0.6K,September
East Falls Church,Evening (7pm-12am),0.2K,September
Dupont Circle,Evening (7pm-12am),3.0K,September
Dunn Loring,Evening (7pm-12am),0.1K,September
Downtown Largo,Evening (7pm-12am),0.2K,September
Deanwood,Evening (7pm-12am),0.1K,September
Crystal City,Evening (7pm-12am),0.7K,September
Court House,Evening (7pm-12am),0.4K,September
Congress Heights,Evening (7pm-12am),0.1K,September
Columbia Heights,Evening (7pm-12am),1.3K,September
College Park-U of Md,Evening (7pm-12am),0.4K,September
Cleveland Park,Evening (7pm-12am),0.3K,September
Clarendon,Evening (7pm-12am),0.5K,September
Cheverly,Evening (7pm-12am),0.0K,September
Capitol South,Evening (7pm-12am),0.8K,September
Capitol Heights,Evening (7pm-12am),0.1K,September
Brookland-CUA,Evening (7pm-12am),0.6K,September
Branch Ave,Evening (7pm-12am),0.1K,September
Braddock Road,Evening (7pm-12am),0.2K,September
Bethesda,Evening (7pm-12am),1.0K,September
Benning Road,Evening (7pm-12am),0.2K,September
Ballston-MU,Evening (7pm-12am),0.7K,September
Arlington Cemetery,Evening (7pm-12am),0.1K,September
Archives,Evening (7pm-12am),1.1K,September
Anacostia,Evening (7pm-12am),0.4K,September
Addison Road,Evening (7pm-12am),0.1K,September
Woodley Park,AM Peak (Open-9:30am),2.3K,September
Wiehle-Reston East,AM Peak (Open-9:30am),4.3K,September
Wheaton,AM Peak (Open-9:30am),2.0K,September
West Hyattsville,AM Peak (Open-9:30am),2.0K,September
West Falls Church,AM Peak (Open-9:30am),3.2K,September
Waterfront,AM Peak (Open-9:30am),1.2K,September
Virginia Sq-GMU,AM Peak (Open-9:30am),1.8K,September
Vienna,AM Peak (Open-9:30am),3.5K,September
Van Ness-UDC,AM Peak (Open-9:30am),2.4K,September
Van Dorn Street,AM Peak (Open-9:30am),1.7K,September
Union Station,AM Peak (Open-9:30am),9.0K,September
U Street,AM Peak (Open-9:30am),1.8K,September
Tysons,AM Peak (Open-9:30am),0.6K,September
Twinbrook,AM Peak (Open-9:30am),2.1K,September
Tenleytown-AU,AM Peak (Open-9:30am),1.5K,September
Takoma,AM Peak (Open-9:30am),2.9K,September
Suitland,AM Peak (Open-9:30am),2.7K,September
Stadium-Armory,AM Peak (Open-9:30am),1.0K,September
Spring Hill,AM Peak (Open-9:30am),0.4K,September
Southern Ave,AM Peak (Open-9:30am),3.0K,September
Smithsonian,AM Peak (Open-9:30am),0.2K,September
Silver Spring,AM Peak (Open-9:30am),5.8K,September
Shaw-Howard U,AM Peak (Open-9:30am),1.4K,September
Shady Grove,AM Peak (Open-9:30am),7.6K,September
Rosslyn,AM Peak (Open-9:30am),3.6K,September
Ronald Reagan Washington National Airport,AM Peak (Open-9:30am),0.7K,September
Rockville,AM Peak (Open-9:30am),2.0K,September
Rhode Island Ave,AM Peak (Open-9:30am),2.4K,September
Potomac Ave,AM Peak (Open-9:30am),1.7K,September
Pentagon City,AM Peak (Open-9:30am),5.1K,September
Pentagon,AM Peak (Open-9:30am),5.7K,September
North Bethesda,AM Peak (Open-9:30am),1.5K,September
NoMa-Gallaudet U,AM Peak (Open-9:30am),2.4K,September
New Carrollton,AM Peak (Open-9:30am),4.3K,September
Naylor Road,AM Peak (Open-9:30am),1.4K,September
Navy Yard-Ballpark,AM Peak (Open-9:30am),1.1K,September
Mt Vernon Sq,AM Peak (Open-9:30am),1.1K,September
Morgan Boulevard,AM Peak (Open-9:30am),1.2K,September
Minnesota Ave,AM Peak (Open-9:30am),0.8K,September
Metro Center,AM Peak (Open-9:30am),1.4K,September
Medical Center,AM Peak (Open-9:30am),0.8K,September
McPherson Sq,AM Peak (Open-9:30am),1.4K,September
McLean,AM Peak (Open-9:30am),0.8K,September
Landover,AM Peak (Open-9:30am),1.0K,September
L'Enfant Plaza,AM Peak (Open-9:30am),2.6K,September
King St-Old Town,AM Peak (Open-9:30am),2.5K,September
Judiciary Square,AM Peak (Open-9:30am),0.4K,September
Hyattsville Crossing,AM Peak (Open-9:30am),2.1K,September
Huntington,AM Peak (Open-9:30am),4.9K,September
Herndon,AM Peak (Open-9:30am),0.0K,September
Grosvenor-Strathmore,AM Peak (Open-9:30am),3.4K,September
Greensboro,AM Peak (Open-9:30am),0.3K,September
Greenbelt,AM Peak (Open-9:30am),3.6K,September
Glenmont,AM Peak (Open-9:30am),3.9K,September
Georgia Ave-Petworth,AM Peak (Open-9:30am),2.6K,September
Gallery Place,AM Peak (Open-9:30am),1.5K,September
Friendship Heights,AM Peak (Open-9:30am),2.8K,September
Franconia-Springfield,AM Peak (Open-9:30am),3.0K,September
Fort Totten,AM Peak (Open-9:30am),3.8K,September
Forest Glen,AM Peak (Open-9:30am),1.5K,September
Foggy Bottom-GWU,AM Peak (Open-9:30am),1.8K,September
Federal Triangle,AM Peak (Open-9:30am),0.1K,September
Federal Center SW,AM Peak (Open-9:30am),0.4K,September
Farragut West,AM Peak (Open-9:30am),1.2K,September
Farragut North,AM Peak (Open-9:30am),1.0K,September
Eisenhower Ave,AM Peak (Open-9:30am),0.8K,September
Eastern Market,AM Peak (Open-9:30am),1.8K,September
East Falls Church,AM Peak (Open-9:30am),2.6K,September
Dupont Circle,AM Peak (Open-9:30am),3.1K,September
Dunn Loring,AM Peak (Open-9:30am),1.6K,September
Downtown Largo,AM Peak (Open-9:30am),2.9K,September
Deanwood,AM Peak (Open-9:30am),0.6K,September
Crystal City,AM Peak (Open-9:30am),3.3K,September
Court House,AM Peak (Open-9:30am),3.1K,September
Congress Heights,AM Peak (Open-9:30am),1.1K,September
Columbia Heights,AM Peak (Open-9:30am),3.8K,September
College Park-U of Md,AM Peak (Open-9:30am),1.7K,September
Cleveland Park,AM Peak (Open-9:30am),1.9K,September
Clarendon,AM Peak (Open-9:30am),1.8K,September
Cheverly,AM Peak (Open-9:30am),0.7K,September
Capitol South,AM Peak (Open-9:30am),0.8K,September
Capitol Heights,AM Peak (Open-9:30am),1.0K,September
Brookland-CUA,AM Peak (Open-9:30am),2.1K,September
Branch Ave,AM Peak (Open-9:30am),4.0K,September
Braddock Road,AM Peak (Open-9:30am),2.5K,September
Bethesda,AM Peak (Open-9:30am),2.8K,September
Benning Road,AM Peak (Open-9:30am),1.3K,September
Ballston-MU,AM Peak (Open-9:30am),3.9K,September
Arlington Cemetery,AM Peak (Open-9:30am),0.0K,September
Archives,AM Peak (Open-9:30am),0.3K,September
Anacostia,AM Peak (Open-9:30am),2.7K,September
Addison Road,AM Peak (Open-9:30am),1.7K,September
Woodley Park,PM Peak (3pm-7pm),2.3K,March
Wiehle-Reston East,PM Peak (3pm-7pm),1.4K,March
Wheaton,PM Peak (3pm-7pm),0.6K,March
West Hyattsville,PM Peak (3pm-7pm),0.5K,March
West Falls Church,PM Peak (3pm-7pm),0.3K,March
Waterfront,PM Peak (3pm-7pm),1.4K,March
Virginia Sq-GMU,PM Peak (3pm-7pm),0.9K,March
Vienna,PM Peak (3pm-7pm),1.1K,March
Van Ness-UDC,PM Peak (3pm-7pm),1.4K,March
Van Dorn Street,PM Peak (3pm-7pm),0.3K,March
Union Station,PM Peak (3pm-7pm),11.3K,March
U Street,PM Peak (3pm-7pm),1.8K,March
Tysons,PM Peak (3pm-7pm),1.3K,March
Twinbrook,PM Peak (3pm-7pm),1.0K,March
Tenleytown-AU,PM Peak (3pm-7pm),2.2K,March
Takoma,PM Peak (3pm-7pm),0.8K,March
Suitland,PM Peak (3pm-7pm),0.9K,March
Stadium-Armory,PM Peak (3pm-7pm),0.7K,March
Spring Hill,PM Peak (3pm-7pm),0.4K,March
Southern Ave,PM Peak (3pm-7pm),0.6K,March
Smithsonian,PM Peak (3pm-7pm),8.5K,March
Silver Spring,PM Peak (3pm-7pm),3.0K,March
Shaw-Howard U,PM Peak (3pm-7pm),1.5K,March
Shady Grove,PM Peak (3pm-7pm),1.3K,March
Rosslyn,PM Peak (3pm-7pm),5.5K,March
Ronald Reagan Washington National Airport,PM Peak (3pm-7pm),2.0K,March
Rockville,PM Peak (3pm-7pm),0.9K,March
Rhode Island Ave,PM Peak (3pm-7pm),1.2K,March
Potomac Ave,PM Peak (3pm-7pm),0.5K,March
Pentagon City,PM Peak (3pm-7pm),3.4K,March
Pentagon,PM Peak (3pm-7pm),5.6K,March
North Bethesda,PM Peak (3pm-7pm),1.2K,March
NoMa-Gallaudet U,PM Peak (3pm-7pm),3.9K,March
New Carrollton,PM Peak (3pm-7pm),0.9K,March
Naylor Road,PM Peak (3pm-7pm),0.3K,March
Navy Yard-Ballpark,PM Peak (3pm-7pm),3.8K,March
Mt Vernon Sq,PM Peak (3pm-7pm),1.4K,March
Morgan Boulevard,PM Peak (3pm-7pm),0.2K,March
Minnesota Ave,PM Peak (3pm-7pm),0.6K,March
Metro Center,PM Peak (3pm-7pm),14.2K,March
Medical Center,PM Peak (3pm-7pm),3.2K,March
McPherson Sq,PM Peak (3pm-7pm),8.0K,March
McLean,PM Peak (3pm-7pm),0.5K,March
Landover,PM Peak (3pm-7pm),0.2K,March
L'Enfant Plaza,PM Peak (3pm-7pm),13.1K,March
King St-Old Town,PM Peak (3pm-7pm),2.5K,March
Judiciary Square,PM Peak (3pm-7pm),5.3K,March
Hyattsville Crossing,PM Peak (3pm-7pm),0.9K,March
Huntington,PM Peak (3pm-7pm),0.7K,March
Herndon,PM Peak (3pm-7pm),0.0K,March
Grosvenor-Strathmore,PM Peak (3pm-7pm),0.6K,March
Greensboro,PM Peak (3pm-7pm),0.5K,March
Greenbelt,PM Peak (3pm-7pm),0.8K,March
Glenmont,PM Peak (3pm-7pm),0.5K,March
Georgia Ave-Petworth,PM Peak (3pm-7pm),1.2K,March
Gallery Place,PM Peak (3pm-7pm),11.9K,March
Friendship Heights,PM Peak (3pm-7pm),2.5K,March
Franconia-Springfield,PM Peak (3pm-7pm),0.8K,March
Fort Totten,PM Peak (3pm-7pm),1.6K,March
Forest Glen,PM Peak (3pm-7pm),0.2K,March
Foggy Bottom-GWU,PM Peak (3pm-7pm),9.9K,March
Federal Triangle,PM Peak (3pm-7pm),5.5K,March
Federal Center SW,PM Peak (3pm-7pm),3.6K,March
Farragut West,PM Peak (3pm-7pm),12.1K,March
Farragut North,PM Peak (3pm-7pm),15.0K,March
Eisenhower Ave,PM Peak (3pm-7pm),0.4K,March
Eastern Market,PM Peak (3pm-7pm),1.4K,March
East Falls Church,PM Peak (3pm-7pm),0.6K,March
Dupont Circle,PM Peak (3pm-7pm),7.5K,March
Dunn Loring,PM Peak (3pm-7pm),0.7K,March
Downtown Largo,PM Peak (3pm-7pm),0.4K,March
Deanwood,PM Peak (3pm-7pm),0.2K,March
Crystal City,PM Peak (3pm-7pm),4.7K,March
Court House,PM Peak (3pm-7pm),1.8K,March
Congress Heights,PM Peak (3pm-7pm),0.4K,March
Columbia Heights,PM Peak (3pm-7pm),3.2K,March
College Park-U of Md,PM Peak (3pm-7pm),1.1K,March
Cleveland Park,PM Peak (3pm-7pm),0.7K,March
Clarendon,PM Peak (3pm-7pm),0.9K,March
Cheverly,PM Peak (3pm-7pm),0.1K,March
Capitol South,PM Peak (3pm-7pm),3.9K,March
Capitol Heights,PM Peak (3pm-7pm),0.2K,March
Brookland-CUA,PM Peak (3pm-7pm),1.9K,March
Branch Ave,PM Peak (3pm-7pm),0.4K,March
Braddock Road,PM Peak (3pm-7pm),0.9K,March
Bethesda,PM Peak (3pm-7pm),3.5K,March
Benning Road,PM Peak (3pm-7pm),0.4K,March
Ballston-MU,PM Peak (3pm-7pm),3.3K,March
Arlington Cemetery,PM Peak (3pm-7pm),0.8K,March
Archives,PM Peak (3pm-7pm),5.7K,March
Anacostia,PM Peak (3pm-7pm),1.6K,March
Addison Road,PM Peak (3pm-7pm),0.3K,March
Woodley Park,Midday (9:30am-3pm),2.0K,March
Wiehle-Reston East,Midday (9:30am-3pm),1.4K,March
Wheaton,Midday (9:30am-3pm),0.8K,March
West Hyattsville,Midday (9:30am-3pm),0.7K,March
West Falls Church,Midday (9:30am-3pm),0.5K,March
Waterfront,Midday (9:30am-3pm),0.9K,March
Virginia Sq-GMU,Midday (9:30am-3pm),0.6K,March
Vienna,Midday (9:30am-3pm),1.9K,March
Van Ness-UDC,Midday (9:30am-3pm),1.3K,March
Van Dorn Street,Midday (9:30am-3pm),0.4K,March
Union Station,Midday (9:30am-3pm),5.3K,March
U Street,Midday (9:30am-3pm),1.2K,March
Tysons,Midday (9:30am-3pm),0.5K,March
Twinbrook,Midday (9:30am-3pm),0.8K,March
Tenleytown-AU,Midday (9:30am-3pm),1.3K,March
Takoma,Midday (9:30am-3pm),1.2K,March
Suitland,Midday (9:30am-3pm),0.9K,March
Stadium-Armory,Midday (9:30am-3pm),0.6K,March
Spring Hill,Midday (9:30am-3pm),0.3K,March
Southern Ave,Midday (9:30am-3pm),1.0K,March
Smithsonian,Midday (9:30am-3pm),2.7K,March
Silver Spring,Midday (9:30am-3pm),2.5K,March
Shaw-Howard U,Midday (9:30am-3pm),1.0K,March
Shady Grove,Midday (9:30am-3pm),2.2K,March
Rosslyn,Midday (9:30am-3pm),2.9K,March
Ronald Reagan Washington National Airport,Midday (9:30am-3pm),2.1K,March
Rockville,Midday (9:30am-3pm),0.9K,March
Rhode Island Ave,Midday (9:30am-3pm),1.4K,March
Potomac Ave,Midday (9:30am-3pm),0.8K,March
Pentagon City,Midday (9:30am-3pm),3.0K,March
Pentagon,Midday (9:30am-3pm),2.4K,March
North Bethesda,Midday (9:30am-3pm),0.7K,March
NoMa-Gallaudet U,Midday (9:30am-3pm),1.7K,March
New Carrollton,Midday (9:30am-3pm),1.5K,March
Naylor Road,Midday (9:30am-3pm),0.5K,March
Navy Yard-Ballpark,Midday (9:30am-3pm),1.2K,March
Mt Vernon Sq,Midday (9:30am-3pm),0.7K,March
Morgan Boulevard,Midday (9:30am-3pm),0.3K,March
Minnesota Ave,Midday (9:30am-3pm),0.6K,March
Metro Center,Midday (9:30am-3pm),4.1K,March
Medical Center,Midday (9:30am-3pm),0.9K,March
McPherson Sq,Midday (9:30am-3pm),2.2K,March
McLean,Midday (9:30am-3pm),0.3K,March
Landover,Midday (9:30am-3pm),0.3K,March
L'Enfant Plaza,Midday (9:30am-3pm),3.1K,March
King St-Old Town,Midday (9:30am-3pm),1.8K,March
Judiciary Square,Midday (9:30am-3pm),1.7K,March
Hyattsville Crossing,Midday (9:30am-3pm),1.0K,March
Huntington,Midday (9:30am-3pm),1.3K,March
Herndon,Midday (9:30am-3pm),0.0K,March
Grosvenor-Strathmore,Midday (9:30am-3pm),0.9K,March
Greensboro,Midday (9:30am-3pm),0.2K,March
Greenbelt,Midday (9:30am-3pm),1.3K,March
Glenmont,Midday (9:30am-3pm),1.0K,March
Georgia Ave-Petworth,Midday (9:30am-3pm),1.3K,March
Gallery Place,Midday (9:30am-3pm),3.7K,March
Friendship Heights,Midday (9:30am-3pm),1.9K,March
Franconia-Springfield,Midday (9:30am-3pm),1.6K,March
Fort Totten,Midday (9:30am-3pm),1.6K,March
Forest Glen,Midday (9:30am-3pm),0.4K,March
Foggy Bottom-GWU,Midday (9:30am-3pm),3.6K,March
Federal Triangle,Midday (9:30am-3pm),1.3K,March
Federal Center SW,Midday (9:30am-3pm),1.0K,March
Farragut West,Midday (9:30am-3pm),3.2K,March
Farragut North,Midday (9:30am-3pm),3.6K,March
Eisenhower Ave,Midday (9:30am-3pm),0.3K,March
Eastern Market,Midday (9:30am-3pm),1.2K,March
East Falls Church,Midday (9:30am-3pm),0.7K,March
Dupont Circle,Midday (9:30am-3pm),3.5K,March
Dunn Loring,Midday (9:30am-3pm),0.8K,March
Downtown Largo,Midday (9:30am-3pm),0.7K,March
Deanwood,Midday (9:30am-3pm),0.3K,March
Crystal City,Midday (9:30am-3pm),2.5K,March
Court House,Midday (9:30am-3pm),1.2K,March
Congress Heights,Midday (9:30am-3pm),0.6K,March
Columbia Heights,Midday (9:30am-3pm),2.5K,March
College Park-U of Md,Midday (9:30am-3pm),0.9K,March
Cleveland Park,Midday (9:30am-3pm),0.9K,March
Clarendon,Midday (9:30am-3pm),0.7K,March
Cheverly,Midday (9:30am-3pm),0.2K,March
Capitol South,Midday (9:30am-3pm),1.7K,March
Capitol Heights,Midday (9:30am-3pm),0.4K,March
Brookland-CUA,Midday (9:30am-3pm),1.5K,March
Branch Ave,Midday (9:30am-3pm),0.8K,March
Braddock Road,Midday (9:30am-3pm),0.8K,March
Bethesda,Midday (9:30am-3pm),1.9K,March
Benning Road,Midday (9:30am-3pm),0.7K,March
Ballston-MU,Midday (9:30am-3pm),2.0K,March
Arlington Cemetery,Midday (9:30am-3pm),0.9K,March
Archives,Midday (9:30am-3pm),1.4K,March
Anacostia,Midday (9:30am-3pm),1.7K,March
Addison Road,Midday (9:30am-3pm),0.6K,March
Woodley Park,Late Night (12am-Close),0.0K,March
Wiehle-Reston East,Late Night (12am-Close),0.0K,March
Wheaton,Late Night (12am-Close),0.0K,March
West Hyattsville,Late Night (12am-Close),0.0K,March
West Falls Church,Late Night (12am-Close),0.0K,March
Waterfront,Late Night (12am-Close),0.0K,March
Virginia Sq-GMU,Late Night (12am-Close),0.0K,March
Vienna,Late Night (12am-Close),0.0K,March
Van Ness-UDC,Late Night (12am-Close),0.0K,March
Van Dorn Street,Late Night (12am-Close),0.0K,March
Union Station,Late Night (12am-Close),0.0K,March
U Street,Late Night (12am-Close),0.2K,March
Tysons,Late Night (12am-Close),0.0K,March
Twinbrook,Late Night (12am-Close),0.0K,March
Tenleytown-AU,Late Night (12am-Close),0.0K,March
Takoma,Late Night (12am-Close),0.0K,March
Suitland,Late Night (12am-Close),0.0K,March
Stadium-Armory,Late Night (12am-Close),0.0K,March
Spring Hill,Late Night (12am-Close),0.0K,March
Southern Ave,Late Night (12am-Close),0.0K,March
Smithsonian,Late Night (12am-Close),0.0K,March
Silver Spring,Late Night (12am-Close),0.0K,March
Shaw-Howard U,Late Night (12am-Close),0.0K,March
Shady Grove,Late Night (12am-Close),0.0K,March
Rosslyn,Late Night (12am-Close),0.0K,March
Ronald Reagan Washington National Airport,Late Night (12am-Close),0.0K,March
Rockville,Late Night (12am-Close),0.0K,March
Rhode Island Ave,Late Night (12am-Close),0.0K,March
Potomac Ave,Late Night (12am-Close),0.0K,March
Pentagon City,Late Night (12am-Close),0.0K,March
Pentagon,Late Night (12am-Close),0.0K,March
North Bethesda,Late Night (12am-Close),0.0K,March
NoMa-Gallaudet U,Late Night (12am-Close),0.0K,March
New Carrollton,Late Night (12am-Close),0.0K,March
Naylor Road,Late Night (12am-Close),0.0K,March
Navy Yard-Ballpark,Late Night (12am-Close),0.0K,March
Mt Vernon Sq,Late Night (12am-Close),0.0K,March
Morgan Boulevard,Late Night (12am-Close),0.0K,March
Minnesota Ave,Late Night (12am-Close),0.0K,March
Metro Center,Late Night (12am-Close),0.1K,March
Medical Center,Late Night (12am-Close),0.0K,March
McPherson Sq,Late Night (12am-Close),0.0K,March
McLean,Late Night (12am-Close),0.0K,March
Landover,Late Night (12am-Close),0.0K,March
L'Enfant Plaza,Late Night (12am-Close),0.0K,March
King St-Old Town,Late Night (12am-Close),0.0K,March
Judiciary Square,Late Night (12am-Close),0.0K,March
Hyattsville Crossing,Late Night (12am-Close),0.0K,March
Huntington,Late Night (12am-Close),0.0K,March
Grosvenor-Strathmore,Late Night (12am-Close),0.0K,March
Greensboro,Late Night (12am-Close),0.0K,March
Greenbelt,Late Night (12am-Close),0.0K,March
Glenmont,Late Night (12am-Close),0.0K,March
Georgia Ave-Petworth,Late Night (12am-Close),0.0K,March
Gallery Place,Late Night (12am-Close),0.2K,March
Friendship Heights,Late Night (12am-Close),0.0K,March
Franconia-Springfield,Late Night (12am-Close),0.0K,March
Fort Totten,Late Night (12am-Close),0.0K,March
Forest Glen,Late Night (12am-Close),0.0K,March
Foggy Bottom-GWU,Late Night (12am-Close),0.0K,March
Federal Triangle,Late Night (12am-Close),0.0K,March
Federal Center SW,Late Night (12am-Close),0.0K,March
Farragut West,Late Night (12am-Close),0.1K,March
Farragut North,Late Night (12am-Close),0.0K,March
Eisenhower Ave,Late Night (12am-Close),0.0K,March
Eastern Market,Late Night (12am-Close),0.0K,March
East Falls Church,Late Night (12am-Close),0.0K,March
Dupont Circle,Late Night (12am-Close),0.1K,March
Dunn Loring,Late Night (12am-Close),0.0K,March
Downtown Largo,Late Night (12am-Close),0.0K,March
Deanwood,Late Night (12am-Close),0.0K,March
Crystal City,Late Night (12am-Close),0.0K,March
Court House,Late Night (12am-Close),0.0K,March
Congress Heights,Late Night (12am-Close),0.0K,March
Columbia Heights,Late Night (12am-Close),0.0K,March
College Park-U of Md,Late Night (12am-Close),0.0K,March
Cleveland Park,Late Night (12am-Close),0.0K,March
Clarendon,Late Night (12am-Close),0.1K,March
Cheverly,Late Night (12am-Close),0.0K,March
Capitol South,Late Night (12am-Close),0.0K,March
Capitol Heights,Late Night (12am-Close),0.0K,March
Brookland-CUA,Late Night (12am-Close),0.0K,March
Branch Ave,Late Night (12am-Close),0.0K,March
Braddock Road,Late Night (12am-Close),0.0K,March
Bethesda,Late Night (12am-Close),0.0K,March
Benning Road,Late Night (12am-Close),0.0K,March
Ballston-MU,Late Night (12am-Close),0.0K,March
Arlington Cemetery,Late Night (12am-Close),0.0K,March
Archives,Late Night (12am-Close),0.0K,March
Anacostia,Late Night (12am-Close),0.0K,March
Addison Road,Late Night (12am-Close),0.0K,March
Woodley Park,Evening (7pm-12am),0.7K,March
Wiehle-Reston East,Evening (7pm-12am),0.3K,March
Wheaton,Evening (7pm-12am),0.3K,March
West Hyattsville,Evening (7pm-12am),0.2K,March
West Falls Church,Evening (7pm-12am),0.1K,March
Waterfront,Evening (7pm-12am),0.4K,March
Virginia Sq-GMU,Evening (7pm-12am),0.3K,March
Vienna,Evening (7pm-12am),0.3K,March
Van Ness-UDC,Evening (7pm-12am),0.6K,March
Van Dorn Street,Evening (7pm-12am),0.1K,March
Union Station,Evening (7pm-12am),3.4K,March
U Street,Evening (7pm-12am),1.6K,March
Tysons,Evening (7pm-12am),0.6K,March
Twinbrook,Evening (7pm-12am),0.2K,March
Tenleytown-AU,Evening (7pm-12am),0.8K,March
Takoma,Evening (7pm-12am),0.3K,March
Suitland,Evening (7pm-12am),0.2K,March
Stadium-Armory,Evening (7pm-12am),0.2K,March
Spring Hill,Evening (7pm-12am),0.1K,March
Southern Ave,Evening (7pm-12am),0.3K,March
Smithsonian,Evening (7pm-12am),1.6K,March
Silver Spring,Evening (7pm-12am),0.9K,March
Shaw-Howard U,Evening (7pm-12am),0.7K,March
Shady Grove,Evening (7pm-12am),0.3K,March
Rosslyn,Evening (7pm-12am),1.3K,March
Ronald Reagan Washington National Airport,Evening (7pm-12am),1.4K,March
Rockville,Evening (7pm-12am),0.3K,March
Rhode Island Ave,Evening (7pm-12am),0.4K,March
Potomac Ave,Evening (7pm-12am),0.2K,March
Pentagon City,Evening (7pm-12am),1.5K,March
Pentagon,Evening (7pm-12am),0.5K,March
North Bethesda,Evening (7pm-12am),0.3K,March
NoMa-Gallaudet U,Evening (7pm-12am),0.7K,March
New Carrollton,Evening (7pm-12am),0.3K,March
Naylor Road,Evening (7pm-12am),0.2K,March
Navy Yard-Ballpark,Evening (7pm-12am),0.6K,March
Mt Vernon Sq,Evening (7pm-12am),0.6K,March
Morgan Boulevard,Evening (7pm-12am),0.1K,March
Minnesota Ave,Evening (7pm-12am),0.2K,March
Metro Center,Evening (7pm-12am),5.3K,March
Medical Center,Evening (7pm-12am),0.6K,March
McPherson Sq,Evening (7pm-12am),1.9K,March
McLean,Evening (7pm-12am),0.1K,March
Landover,Evening (7pm-12am),0.1K,March
L'Enfant Plaza,Evening (7pm-12am),1.4K,March
King St-Old Town,Evening (7pm-12am),0.9K,March
Judiciary Square,Evening (7pm-12am),0.8K,March
Hyattsville Crossing,Evening (7pm-12am),0.4K,March
Huntington,Evening (7pm-12am),0.2K,March
Grosvenor-Strathmore,Evening (7pm-12am),0.2K,March
Greensboro,Evening (7pm-12am),0.1K,March
Greenbelt,Evening (7pm-12am),0.3K,March
Glenmont,Evening (7pm-12am),0.2K,March
Georgia Ave-Petworth,Evening (7pm-12am),0.5K,March
Gallery Place,Evening (7pm-12am),8.7K,March
Friendship Heights,Evening (7pm-12am),0.9K,March
Franconia-Springfield,Evening (7pm-12am),0.2K,March
Fort Totten,Evening (7pm-12am),0.5K,March
Forest Glen,Evening (7pm-12am),0.1K,March
Foggy Bottom-GWU,Evening (7pm-12am),4.2K,March
Federal Triangle,Evening (7pm-12am),0.9K,March
Federal Center SW,Evening (7pm-12am),0.4K,March
Farragut West,Evening (7pm-12am),3.2K,March
Farragut North,Evening (7pm-12am),3.9K,March
Eisenhower Ave,Evening (7pm-12am),0.1K,March
Eastern Market,Evening (7pm-12am),0.7K,March
East Falls Church,Evening (7pm-12am),0.2K,March
Dupont Circle,Evening (7pm-12am),3.7K,March
Dunn Loring,Evening (7pm-12am),0.2K,March
Downtown Largo,Evening (7pm-12am),0.2K,March
Deanwood,Evening (7pm-12am),0.1K,March
Crystal City,Evening (7pm-12am),0.9K,March
Court House,Evening (7pm-12am),0.5K,March
Congress Heights,Evening (7pm-12am),0.2K,March
Columbia Heights,Evening (7pm-12am),1.5K,March
College Park-U of Md,Evening (7pm-12am),0.3K,March
Cleveland Park,Evening (7pm-12am),0.4K,March
Clarendon,Evening (7pm-12am),0.6K,March
Cheverly,Evening (7pm-12am),0.0K,March
Capitol South,Evening (7pm-12am),0.8K,March
Capitol Heights,Evening (7pm-12am),0.1K,March
Brookland-CUA,Evening (7pm-12am),0.6K,March
Branch Ave,Evening (7pm-12am),0.1K,March
Braddock Road,Evening (7pm-12am),0.2K,March
Bethesda,Evening (7pm-12am),1.2K,March
Benning Road,Evening (7pm-12am),0.2K,March
Ballston-MU,Evening (7pm-12am),0.9K,March
Arlington Cemetery,Evening (7pm-12am),0.0K,March
Archives,Evening (7pm-12am),1.2K,March
Anacostia,Evening (7pm-12am),0.4K,March
Addison Road,Evening (7pm-12am),0.2K,March
Woodley Park,AM Peak (Open-9:30am),2.4K,March
Wiehle-Reston East,AM Peak (Open-9:30am),4.6K,March
Wheaton,AM Peak (Open-9:30am),2.1K,March
West Hyattsville,AM Peak (Open-9:30am),2.0K,March
West Falls Church,AM Peak (Open-9:30am),1.8K,March
Waterfront,AM Peak (Open-9:30am),1.3K,March
Virginia Sq-GMU,AM Peak (Open-9:30am),1.8K,March
Vienna,AM Peak (Open-9:30am),6.8K,March
Van Ness-UDC,AM Peak (Open-9:30am),2.4K,March
Van Dorn Street,AM Peak (Open-9:30am),2.1K,March
Union Station,AM Peak (Open-9:30am),9.1K,March
U Street,AM Peak (Open-9:30am),1.9K,March
Tysons,AM Peak (Open-9:30am),0.5K,March
Twinbrook,AM Peak (Open-9:30am),2.1K,March
Tenleytown-AU,AM Peak (Open-9:30am),1.6K,March
Takoma,AM Peak (Open-9:30am),3.0K,March
Suitland,AM Peak (Open-9:30am),2.8K,March
Stadium-Armory,AM Peak (Open-9:30am),1.1K,March
Spring Hill,AM Peak (Open-9:30am),0.4K,March
Southern Ave,AM Peak (Open-9:30am),2.8K,March
Smithsonian,AM Peak (Open-9:30am),0.3K,March
Silver Spring,AM Peak (Open-9:30am),5.8K,March
Shaw-Howard U,AM Peak (Open-9:30am),1.5K,March
Shady Grove,AM Peak (Open-9:30am),8.1K,March
Rosslyn,AM Peak (Open-9:30am),3.9K,March
Ronald Reagan Washington National Airport,AM Peak (Open-9:30am),0.7K,March
Rockville,AM Peak (Open-9:30am),2.1K,March
Rhode Island Ave,AM Peak (Open-9:30am),2.5K,March
Potomac Ave,AM Peak (Open-9:30am),1.8K,March
Pentagon City,AM Peak (Open-9:30am),5.1K,March
Pentagon,AM Peak (Open-9:30am),5.3K,March
North Bethesda,AM Peak (Open-9:30am),1.4K,March
NoMa-Gallaudet U,AM Peak (Open-9:30am),2.6K,March
New Carrollton,AM Peak (Open-9:30am),4.8K,March
Naylor Road,AM Peak (Open-9:30am),1.4K,March
Navy Yard-Ballpark,AM Peak (Open-9:30am),1.1K,March
Mt Vernon Sq,AM Peak (Open-9:30am),1.1K,March
Morgan Boulevard,AM Peak (Open-9:30am),1.2K,March
Minnesota Ave,AM Peak (Open-9:30am),0.9K,March
Metro Center,AM Peak (Open-9:30am),1.6K,March
Medical Center,AM Peak (Open-9:30am),0.8K,March
McPherson Sq,AM Peak (Open-9:30am),1.5K,March
McLean,AM Peak (Open-9:30am),0.7K,March
Landover,AM Peak (Open-9:30am),1.1K,March
L'Enfant Plaza,AM Peak (Open-9:30am),2.5K,March
King St-Old Town,AM Peak (Open-9:30am),2.9K,March
Judiciary Square,AM Peak (Open-9:30am),0.5K,March
Hyattsville Crossing,AM Peak (Open-9:30am),2.1K,March
Huntington,AM Peak (Open-9:30am),5.1K,March
Herndon,AM Peak (Open-9:30am),0.0K,March
Grosvenor-Strathmore,AM Peak (Open-9:30am),3.4K,March
Greensboro,AM Peak (Open-9:30am),0.3K,March
Greenbelt,AM Peak (Open-9:30am),3.7K,March
Glenmont,AM Peak (Open-9:30am),4.1K,March
Georgia Ave-Petworth,AM Peak (Open-9:30am),2.7K,March
Gallery Place,AM Peak (Open-9:30am),1.6K,March
Friendship Heights,AM Peak (Open-9:30am),2.8K,March
Franconia-Springfield,AM Peak (Open-9:30am),4.6K,March
Fort Totten,AM Peak (Open-9:30am),3.6K,March
Forest Glen,AM Peak (Open-9:30am),1.5K,March
Foggy Bottom-GWU,AM Peak (Open-9:30am),2.0K,March
Federal Triangle,AM Peak (Open-9:30am),0.1K,March
Federal Center SW,AM Peak (Open-9:30am),0.4K,March
Farragut West,AM Peak (Open-9:30am),1.3K,March
Farragut North,AM Peak (Open-9:30am),1.2K,March
Eisenhower Ave,AM Peak (Open-9:30am),0.7K,March
Eastern Market,AM Peak (Open-9:30am),2.0K,March
East Falls Church,AM Peak (Open-9:30am),2.5K,March
Dupont Circle,AM Peak (Open-9:30am),3.5K,March
Dunn Loring,AM Peak (Open-9:30am),2.4K,March
Downtown Largo,AM Peak (Open-9:30am),3.0K,March
Deanwood,AM Peak (Open-9:30am),0.7K,March
Crystal City,AM Peak (Open-9:30am),3.7K,March
Court House,AM Peak (Open-9:30am),3.1K,March
Congress Heights,AM Peak (Open-9:30am),1.1K,March
Columbia Heights,AM Peak (Open-9:30am),4.1K,March
College Park-U of Md,AM Peak (Open-9:30am),1.7K,March
Cleveland Park,AM Peak (Open-9:30am),2.0K,March
Clarendon,AM Peak (Open-9:30am),1.8K,March
Cheverly,AM Peak (Open-9:30am),0.7K,March
Capitol South,AM Peak (Open-9:30am),0.8K,March
Capitol Heights,AM Peak (Open-9:30am),1.1K,March
Brookland-CUA,AM Peak (Open-9:30am),2.1K,March
Branch Ave,AM Peak (Open-9:30am),4.2K,March
Braddock Road,AM Peak (Open-9:30am),2.7K,March
Bethesda,AM Peak (Open-9:30am),2.9K,March
Benning Road,AM Peak (Open-9:30am),1.3K,March
Ballston-MU,AM Peak (Open-9:30am),4.2K,March
Arlington Cemetery,AM Peak (Open-9:30am),0.0K,March
Archives,AM Peak (Open-9:30am),0.3K,March
Anacostia,AM Peak (Open-9:30am),2.7K,March
Addison Road,AM Peak (Open-9:30am),1.8K,March
