Date,Station Name ,Time Period,Avg Daily Entries
December 04,Metro Center,PM Peak (3pm-7pm),10.1K
June 5,Metro Center,PM Peak (3pm-7pm),9.7K
September 4,Metro Center,PM Peak (3pm-7pm),9.3K
March 6,Metro Center,PM Peak (3pm-7pm),9.2K
December 04,Farragut North,PM Peak (3pm-7pm),8.9K
December 04,Foggy Bottom-GWU,PM Peak (3pm-7pm),8.3K
September 4,Foggy Bottom-GWU,PM Peak (3pm-7pm),8.2K
June 5,Farragut North,PM Peak (3pm-7pm),8.2K
March 6,Farragut North,PM Peak (3pm-7pm),8.2K
September 4,Farragut North,PM Peak (3pm-7pm),8.1K
June 5,L'Enfant Plaza,PM Peak (3pm-7pm),7.9K
June 5,Farragut West,PM Peak (3pm-7pm),7.9K
March 6,Farragut West,PM Peak (3pm-7pm),7.9K
December 04,Farragut West,PM Peak (3pm-7pm),7.8K
March 6,Foggy Bottom-GWU,PM Peak (3pm-7pm),7.7K
September 4,Farragut West,PM Peak (3pm-7pm),7.5K
March 6,L'Enfant Plaza,PM Peak (3pm-7pm),7.2K
,,,
December 04,Gallery Place,PM Peak (3pm-7pm),7.1K
June 5,Foggy Bottom-GWU,PM Peak (3pm-7pm),7.1K
December 04,L'Enfant Plaza,PM Peak (3pm-7pm),7.0K
December 04,Union Station,PM Peak (3pm-7pm),6.7K
September 4,L'Enfant Plaza,PM Peak (3pm-7pm),6.6K
June 5,Fort Totten,AM Peak (Open-9:30am),6.6K
June 5,Gallery Place,PM Peak (3pm-7pm),6.5K
June 5,Union Station,PM Peak (3pm-7pm),6.4K
March 6,Union Station,PM Peak (3pm-7pm),6.3K
March 6,Gallery Place,PM Peak (3pm-7pm),6.3K
September 4,Gallery Place,PM Peak (3pm-7pm),6.1K
March 6,Gallery Place,Evening (7pm-12am),6.1K
December 04,Union Station,AM Peak (Open-9:30am),5.9K
September 4,Union Station,PM Peak (3pm-7pm),5.7K
June 5,Union Station,AM Peak (Open-9:30am),5.6K
December 04,Dupont Circle,PM Peak (3pm-7pm),5.3K
September 4,Union Station,AM Peak (Open-9:30am),5.3K
March 6,Union Station,AM Peak (Open-9:30am),5.3K
June 5,McPherson Sq,PM Peak (3pm-7pm),5.1K
December 04,Pentagon,PM Peak (3pm-7pm),4.9K
December 04,McPherson Sq,PM Peak (3pm-7pm),4.9K
March 6,Pentagon,PM Peak (3pm-7pm),4.9K
June 5,Shady Grove,AM Peak (Open-9:30am),4.8K
March 6,McPherson Sq,PM Peak (3pm-7pm),4.8K
September 4,Dupont Circle,PM Peak (3pm-7pm),4.7K
June 5,Dupont Circle,PM Peak (3pm-7pm),4.7K
March 6,Dupont Circle,PM Peak (3pm-7pm),4.7K
September 4,Pentagon,PM Peak (3pm-7pm),4.6K
September 4,McPherson Sq,PM Peak (3pm-7pm),4.6K
December 04,Shady Grove,AM Peak (Open-9:30am),4.5K
December 04,NoMa-Gallaudet U,PM Peak (3pm-7pm),4.5K
June 5,Pentagon,PM Peak (3pm-7pm),4.5K
June 5,Capitol South,PM Peak (3pm-7pm),4.5K
September 4,Shady Grove,AM Peak (Open-9:30am),4.3K
December 04,NoMa-Gallaudet U,AM Peak (Open-9:30am),4.2K
December 04,Gallery Place,Evening (7pm-12am),4.1K
June 5,NoMa-Gallaudet U,PM Peak (3pm-7pm),4.1K
June 5,NoMa-Gallaudet U,AM Peak (Open-9:30am),4.1K
June 5,Navy Yard-Ballpark,Evening (7pm-12am),4.1K
June 5,Navy Yard-Ballpark,PM Peak (3pm-7pm),4.1K
June 5,Federal Triangle,PM Peak (3pm-7pm),4.1K
March 6,Shady Grove,AM Peak (Open-9:30am),4.1K
March 6,NoMa-Gallaudet U,PM Peak (3pm-7pm),4.1K
September 4,NoMa-Gallaudet U,PM Peak (3pm-7pm),3.9K
September 4,NoMa-Gallaudet U,AM Peak (Open-9:30am),3.9K
December 04,Rosslyn,PM Peak (3pm-7pm),3.8K
March 6,NoMa-Gallaudet U,AM Peak (Open-9:30am),3.8K
March 6,Capitol South,PM Peak (3pm-7pm),3.8K
December 04,Federal Triangle,PM Peak (3pm-7pm),3.7K
September 4,Foggy Bottom-GWU,Evening (7pm-12am),3.7K
September 4,Rosslyn,PM Peak (3pm-7pm),3.7K
June 5,Rosslyn,PM Peak (3pm-7pm),3.7K
June 5,Archives,PM Peak (3pm-7pm),3.7K
December 04,Union Station,Midday (9:30am-3pm),3.6K
December 04,Navy Yard-Ballpark,PM Peak (3pm-7pm),3.6K
December 04,Metro Center,Evening (7pm-12am),3.6K
December 04,Archives,PM Peak (3pm-7pm),3.6K
September 4,Archives,PM Peak (3pm-7pm),3.6K
September 4,Fort Totten,AM Peak (Open-9:30am),3.6K
March 6,Federal Triangle,PM Peak (3pm-7pm),3.6K
March 6,Archives,PM Peak (3pm-7pm),3.6K
December 04,Fort Totten,AM Peak (Open-9:30am),3.5K
December 04,Columbia Heights,PM Peak (3pm-7pm),3.4K
September 4,Federal Triangle,PM Peak (3pm-7pm),3.4K
June 5,Smithsonian,PM Peak (3pm-7pm),3.4K
March 6,Rosslyn,PM Peak (3pm-7pm),3.4K
March 6,Fort Totten,AM Peak (Open-9:30am),3.4K
December 04,Capitol South,PM Peak (3pm-7pm),3.3K
September 4,Navy Yard-Ballpark,PM Peak (3pm-7pm),3.3K
June 5,Union Station,Midday (9:30am-3pm),3.3K
June 5,Fort Totten,Midday (9:30am-3pm),3.3K
March 6,Navy Yard-Ballpark,PM Peak (3pm-7pm),3.3K
March 6,Metro Center,Evening (7pm-12am),3.3K
September 4,Columbia Heights,PM Peak (3pm-7pm),3.2K
June 5,Metro Center,Evening (7pm-12am),3.2K
June 5,Gallery Place,Evening (7pm-12am),3.2K
March 6,Foggy Bottom-GWU,Evening (7pm-12am),3.2K
June 5,Columbia Heights,PM Peak (3pm-7pm),3.1K
March 6,Union Station,Midday (9:30am-3pm),3.1K
March 6,Columbia Heights,PM Peak (3pm-7pm),3.1K
December 04,Silver Spring,AM Peak (Open-9:30am),3.0K
December 04,Pentagon City,AM Peak (Open-9:30am),3.0K
December 04,Foggy Bottom-GWU,Evening (7pm-12am),3.0K
June 5,Metro Center,Midday (9:30am-3pm),3.0K
June 5,Ballston-MU,AM Peak (Open-9:30am),3.0K
March 6,Vienna,AM Peak (Open-9:30am),3.0K
March 6,Silver Spring,AM Peak (Open-9:30am),3.0K
December 04,Metro Center,Midday (9:30am-3pm),2.9K
December 04,Judiciary Square,PM Peak (3pm-7pm),2.9K
December 04,Foggy Bottom-GWU,Midday (9:30am-3pm),2.9K
December 04,Columbia Heights,AM Peak (Open-9:30am),2.9K
September 4,Judiciary Square,PM Peak (3pm-7pm),2.9K
September 4,Union Station,Midday (9:30am-3pm),2.9K
September 4,Foggy Bottom-GWU,Midday (9:30am-3pm),2.9K
September 4,Pentagon City,AM Peak (Open-9:30am),2.9K
September 4,Pentagon,AM Peak (Open-9:30am),2.9K
June 5,Vienna,AM Peak (Open-9:30am),2.9K
June 5,Pentagon City,AM Peak (Open-9:30am),2.9K
June 5,Pentagon,AM Peak (Open-9:30am),2.9K
June 5,Foggy Bottom-GWU,Midday (9:30am-3pm),2.9K
December 04,Vienna,AM Peak (Open-9:30am),2.8K
December 04,Pentagon City,PM Peak (3pm-7pm),2.8K
December 04,Pentagon,AM Peak (Open-9:30am),2.8K
December 04,Ballston-MU,AM Peak (Open-9:30am),2.8K
September 4,Vienna,AM Peak (Open-9:30am),2.8K
June 5,Judiciary Square,PM Peak (3pm-7pm),2.8K
June 5,Fort Totten,PM Peak (3pm-7pm),2.8K
June 5,Foggy Bottom-GWU,AM Peak (Open-9:30am),2.8K
June 5,Columbia Heights,AM Peak (Open-9:30am),2.8K
March 6,Smithsonian,PM Peak (3pm-7pm),2.8K
March 6,Pentagon City,AM Peak (Open-9:30am),2.8K
March 6,Judiciary Square,PM Peak (3pm-7pm),2.8K
March 6,Foggy Bottom-GWU,Midday (9:30am-3pm),2.8K
September 4,Gallery Place,Evening (7pm-12am),2.7K
September 4,Pentagon City,PM Peak (3pm-7pm),2.7K
September 4,Capitol South,PM Peak (3pm-7pm),2.7K
September 4,Ballston-MU,AM Peak (Open-9:30am),2.7K
June 5,L'Enfant Plaza,Midday (9:30am-3pm),2.7K
June 5,Huntington,AM Peak (Open-9:30am),2.7K
June 5,Dupont Circle,AM Peak (Open-9:30am),2.7K
March 6,Pentagon,AM Peak (Open-9:30am),2.7K
March 6,Columbia Heights,AM Peak (Open-9:30am),2.7K
March 6,Ballston-MU,AM Peak (Open-9:30am),2.7K
December 04,Huntington,AM Peak (Open-9:30am),2.6K
December 04,Gallery Place,Midday (9:30am-3pm),2.6K
December 04,Dupont Circle,AM Peak (Open-9:30am),2.6K
September 4,Huntington,AM Peak (Open-9:30am),2.6K
September 4,Columbia Heights,AM Peak (Open-9:30am),2.6K
June 5,Gallery Place,Midday (9:30am-3pm),2.6K
December 04,NoMa-Gallaudet U,Midday (9:30am-3pm),2.5K
December 04,Dupont Circle,Midday (9:30am-3pm),2.5K
September 4,Smithsonian,PM Peak (3pm-7pm),2.5K
September 4,Silver Spring,AM Peak (Open-9:30am),2.5K
June 5,Pentagon City,PM Peak (3pm-7pm),2.5K
June 5,New Carrollton,AM Peak (Open-9:30am),2.5K
March 6,Metro Center,Midday (9:30am-3pm),2.5K
March 6,Glenmont,AM Peak (Open-9:30am),2.5K
March 6,Franconia-Springfield,AM Peak (Open-9:30am),2.5K
March 6,Dupont Circle,AM Peak (Open-9:30am),2.5K
March 6,Crystal City,PM Peak (3pm-7pm),2.5K
December 04,New Carrollton,AM Peak (Open-9:30am),2.4K
December 04,Glenmont,AM Peak (Open-9:30am),2.4K
December 04,Dupont Circle,Evening (7pm-12am),2.4K
December 04,Crystal City,PM Peak (3pm-7pm),2.4K
September 4,Metro Center,Evening (7pm-12am),2.4K
September 4,Metro Center,Midday (9:30am-3pm),2.4K
September 4,New Carrollton,AM Peak (Open-9:30am),2.4K
June 5,NoMa-Gallaudet U,Midday (9:30am-3pm),2.4K
June 5,Greenbelt,AM Peak (Open-9:30am),2.4K
June 5,Federal Center SW,PM Peak (3pm-7pm),2.4K
June 5,Dupont Circle,Midday (9:30am-3pm),2.4K
June 5,Crystal City,PM Peak (3pm-7pm),2.4K
March 6,Huntington,AM Peak (Open-9:30am),2.4K
December 04,Navy Yard-Ballpark,AM Peak (Open-9:30am),2.3K
December 04,L'Enfant Plaza,Midday (9:30am-3pm),2.3K
December 04,Farragut North,Midday (9:30am-3pm),2.3K
December 04,Columbia Heights,Midday (9:30am-3pm),2.3K
December 04,Ballston-MU,PM Peak (3pm-7pm),2.3K
September 4,NoMa-Gallaudet U,Midday (9:30am-3pm),2.3K
September 4,Gallery Place,Midday (9:30am-3pm),2.3K
June 5,Rosslyn,AM Peak (Open-9:30am),2.3K
June 5,Franconia-Springfield,AM Peak (Open-9:30am),2.3K
June 5,Foggy Bottom-GWU,Evening (7pm-12am),2.3K
June 5,Farragut West,Midday (9:30am-3pm),2.3K
June 5,Farragut North,Midday (9:30am-3pm),2.3K
June 5,Columbia Heights,Midday (9:30am-3pm),2.3K
March 6,Rosslyn,AM Peak (Open-9:30am),2.3K
March 6,Pentagon City,PM Peak (3pm-7pm),2.3K
March 6,Gallery Place,Midday (9:30am-3pm),2.3K
December 04,Union Station,Evening (7pm-12am),2.2K
December 04,Smithsonian,PM Peak (3pm-7pm),2.2K
December 04,Rosslyn,AM Peak (Open-9:30am),2.2K
December 04,Pentagon City,Midday (9:30am-3pm),2.2K
December 04,Medical Center,PM Peak (3pm-7pm),2.2K
December 04,Franconia-Springfield,AM Peak (Open-9:30am),2.2K
December 04,Federal Center SW,PM Peak (3pm-7pm),2.2K
December 04,Farragut North,Evening (7pm-12am),2.2K
December 04,Branch Ave,AM Peak (Open-9:30am),2.2K
September 4,Crystal City,PM Peak (3pm-7pm),2.2K
September 4,Pentagon City,Midday (9:30am-3pm),2.2K
September 4,Columbia Heights,Midday (9:30am-3pm),2.2K
September 4,Dupont Circle,AM Peak (Open-9:30am),2.2K
June 5,Navy Yard-Ballpark,AM Peak (Open-9:30am),2.2K
June 5,Medical Center,PM Peak (3pm-7pm),2.2K
June 5,Farragut North,Evening (7pm-12am),2.2K
June 5,Dupont Circle,Evening (7pm-12am),2.2K
March 6,NoMa-Gallaudet U,Midday (9:30am-3pm),2.2K
March 6,New Carrollton,AM Peak (Open-9:30am),2.2K
March 6,Dupont Circle,Midday (9:30am-3pm),2.2K
March 6,Crystal City,AM Peak (Open-9:30am),2.2K
December 04,Tenleytown-AU,PM Peak (3pm-7pm),2.1K
December 04,Takoma,AM Peak (Open-9:30am),2.1K
December 04,Rhode Island Ave,AM Peak (Open-9:30am),2.1K
December 04,Greenbelt,AM Peak (Open-9:30am),2.1K
December 04,Georgia Ave-Petworth,AM Peak (Open-9:30am),2.1K
December 04,Farragut West,Midday (9:30am-3pm),2.1K
December 04,Crystal City,AM Peak (Open-9:30am),2.1K
December 04,Court House,AM Peak (Open-9:30am),2.1K
December 04,Bethesda,PM Peak (3pm-7pm),2.1K
December 04,Bethesda,AM Peak (Open-9:30am),2.1K
September 4,Tenleytown-AU,PM Peak (3pm-7pm),2.1K
September 4,Medical Center,PM Peak (3pm-7pm),2.1K
September 4,L'Enfant Plaza,Midday (9:30am-3pm),2.1K
September 4,Farragut North,Midday (9:30am-3pm),2.1K
September 4,Dupont Circle,Midday (9:30am-3pm),2.1K
September 4,Rosslyn,AM Peak (Open-9:30am),2.1K
September 4,Rhode Island Ave,AM Peak (Open-9:30am),2.1K
September 4,Navy Yard-Ballpark,AM Peak (Open-9:30am),2.1K
September 4,Greenbelt,AM Peak (Open-9:30am),2.1K
September 4,Glenmont,AM Peak (Open-9:30am),2.1K
September 4,Franconia-Springfield,AM Peak (Open-9:30am),2.1K
September 4,Branch Ave,AM Peak (Open-9:30am),2.1K
June 5,Union Station,Evening (7pm-12am),2.1K
June 5,Pentagon City,Midday (9:30am-3pm),2.1K
June 5,Georgia Ave-Petworth,AM Peak (Open-9:30am),2.1K
June 5,Court House,AM Peak (Open-9:30am),2.1K
June 5,Branch Ave,AM Peak (Open-9:30am),2.1K
June 5,Bethesda,PM Peak (3pm-7pm),2.1K
June 5,Bethesda,AM Peak (Open-9:30am),2.1K
June 5,Ballston-MU,PM Peak (3pm-7pm),2.1K
March 6,Navy Yard-Ballpark,AM Peak (Open-9:30am),2.1K
March 6,L'Enfant Plaza,Midday (9:30am-3pm),2.1K
March 6,Federal Center SW,PM Peak (3pm-7pm),2.1K
March 6,Farragut North,Evening (7pm-12am),2.1K
March 6,Court House,AM Peak (Open-9:30am),2.1K
March 6,Columbia Heights,Midday (9:30am-3pm),2.1K
March 6,Branch Ave,AM Peak (Open-9:30am),2.1K
December 04,Ronald Reagan Washington National Airport,Midday (9:30am-3pm),2.0K
September 4,Dupont Circle,Evening (7pm-12am),2.0K
September 4,Bethesda,PM Peak (3pm-7pm),2.0K
September 4,Ballston-MU,PM Peak (3pm-7pm),2.0K
September 4,Farragut West,Midday (9:30am-3pm),2.0K
September 4,Takoma,AM Peak (Open-9:30am),2.0K
September 4,Court House,AM Peak (Open-9:30am),2.0K
June 5,Rhode Island Ave,AM Peak (Open-9:30am),2.0K
June 5,Pentagon,Midday (9:30am-3pm),2.0K
June 5,Grosvenor-Strathmore,AM Peak (Open-9:30am),2.0K
June 5,Crystal City,AM Peak (Open-9:30am),2.0K
March 6,Tenleytown-AU,PM Peak (3pm-7pm),2.0K
March 6,Takoma,AM Peak (Open-9:30am),2.0K
March 6,Pentagon City,Midday (9:30am-3pm),2.0K
March 6,Medical Center,PM Peak (3pm-7pm),2.0K
March 6,Farragut West,Midday (9:30am-3pm),2.0K
March 6,Farragut North,Midday (9:30am-3pm),2.0K
March 6,Dupont Circle,Evening (7pm-12am),2.0K
March 6,Bethesda,AM Peak (Open-9:30am),2.0K
March 6,Ballston-MU,PM Peak (3pm-7pm),2.0K
December 04,Rosslyn,Midday (9:30am-3pm),1.9K
December 04,Ronald Reagan Washington National Airport,PM Peak (3pm-7pm),1.9K
December 04,Fort Totten,PM Peak (3pm-7pm),1.9K
December 04,Fort Totten,Midday (9:30am-3pm),1.9K
September 4,Farragut North,Evening (7pm-12am),1.9K
September 4,Fort Totten,Midday (9:30am-3pm),1.9K
September 4,Georgia Ave-Petworth,AM Peak (Open-9:30am),1.9K
September 4,Bethesda,AM Peak (Open-9:30am),1.9K
June 5,Southern Ave,AM Peak (Open-9:30am),1.9K
June 5,Rosslyn,Midday (9:30am-3pm),1.9K
June 5,Ronald Reagan Washington National Airport,PM Peak (3pm-7pm),1.9K
June 5,Ronald Reagan Washington National Airport,Midday (9:30am-3pm),1.9K
June 5,East Falls Church,AM Peak (Open-9:30am),1.9K
June 5,Brookland-CUA,AM Peak (Open-9:30am),1.9K
March 6,Union Station,Evening (7pm-12am),1.9K
March 6,Rhode Island Ave,AM Peak (Open-9:30am),1.9K
March 6,Greenbelt,AM Peak (Open-9:30am),1.9K
March 6,Georgia Ave-Petworth,AM Peak (Open-9:30am),1.9K
March 6,Bethesda,PM Peak (3pm-7pm),1.9K
December 04,Pentagon,Midday (9:30am-3pm),1.8K
December 04,Grosvenor-Strathmore,AM Peak (Open-9:30am),1.8K
December 04,Farragut West,Evening (7pm-12am),1.8K
December 04,East Falls Church,AM Peak (Open-9:30am),1.8K
December 04,Downtown Largo,AM Peak (Open-9:30am),1.8K
December 04,Brookland-CUA,AM Peak (Open-9:30am),1.8K
December 04,Anacostia,AM Peak (Open-9:30am),1.8K
September 4,Fort Totten,PM Peak (3pm-7pm),1.8K
September 4,Brookland-CUA,PM Peak (3pm-7pm),1.8K
September 4,Rosslyn,Midday (9:30am-3pm),1.8K
September 4,Ronald Reagan Washington National Airport,Midday (9:30am-3pm),1.8K
September 4,Grosvenor-Strathmore,AM Peak (Open-9:30am),1.8K
September 4,East Falls Church,AM Peak (Open-9:30am),1.8K
September 4,Downtown Largo,AM Peak (Open-9:30am),1.8K
September 4,Brookland-CUA,AM Peak (Open-9:30am),1.8K
September 4,Anacostia,AM Peak (Open-9:30am),1.8K
June 5,Suitland,AM Peak (Open-9:30am),1.8K
June 5,McPherson Sq,Midday (9:30am-3pm),1.8K
June 5,Friendship Heights,AM Peak (Open-9:30am),1.8K
June 5,Farragut West,Evening (7pm-12am),1.8K
June 5,Downtown Largo,AM Peak (Open-9:30am),1.8K
March 6,Southern Ave,AM Peak (Open-9:30am),1.8K
March 6,Downtown Largo,AM Peak (Open-9:30am),1.8K
December 04,West Hyattsville,AM Peak (Open-9:30am),1.7K
December 04,Southern Ave,AM Peak (Open-9:30am),1.7K
December 04,Silver Spring,PM Peak (3pm-7pm),1.7K
December 04,McPherson Sq,Midday (9:30am-3pm),1.7K
December 04,McLean,PM Peak (3pm-7pm),1.7K
December 04,Foggy Bottom-GWU,AM Peak (Open-9:30am),1.7K
December 04,Brookland-CUA,PM Peak (3pm-7pm),1.7K
September 4,Union Station,Evening (7pm-12am),1.7K
September 4,McLean,PM Peak (3pm-7pm),1.7K
September 4,Federal Center SW,PM Peak (3pm-7pm),1.7K
September 4,Suitland,AM Peak (Open-9:30am),1.7K
September 4,Southern Ave,AM Peak (Open-9:30am),1.7K
September 4,Crystal City,AM Peak (Open-9:30am),1.7K
June 5,West Hyattsville,AM Peak (Open-9:30am),1.7K
June 5,Tenleytown-AU,PM Peak (3pm-7pm),1.7K
June 5,Smithsonian,Midday (9:30am-3pm),1.7K
June 5,Mt Vernon Sq,PM Peak (3pm-7pm),1.7K
June 5,McLean,PM Peak (3pm-7pm),1.7K
June 5,King St-Old Town,AM Peak (Open-9:30am),1.7K
June 5,Hyattsville Crossing,AM Peak (Open-9:30am),1.7K
March 6,Silver Spring,PM Peak (3pm-7pm),1.7K
March 6,Rosslyn,Midday (9:30am-3pm),1.7K
March 6,Ronald Reagan Washington National Airport,PM Peak (3pm-7pm),1.7K
March 6,Fort Totten,Midday (9:30am-3pm),1.7K
March 6,Foggy Bottom-GWU,AM Peak (Open-9:30am),1.7K
March 6,Farragut West,Evening (7pm-12am),1.7K
March 6,East Falls Church,AM Peak (Open-9:30am),1.7K
March 6,Brookland-CUA,PM Peak (3pm-7pm),1.7K
March 6,Brookland-CUA,AM Peak (Open-9:30am),1.7K
December 04,U Street,AM Peak (Open-9:30am),1.6K
December 04,Suitland,AM Peak (Open-9:30am),1.6K
December 04,Shaw-Howard U,PM Peak (3pm-7pm),1.6K
December 04,Ronald Reagan Washington National Airport,Evening (7pm-12am),1.6K
December 04,L'Enfant Plaza,AM Peak (Open-9:30am),1.6K
December 04,King St-Old Town,AM Peak (Open-9:30am),1.6K
December 04,Friendship Heights,AM Peak (Open-9:30am),1.6K
September 4,Shaw-Howard U,PM Peak (3pm-7pm),1.6K
September 4,Ronald Reagan Washington National Airport,PM Peak (3pm-7pm),1.6K
September 4,Pentagon,Midday (9:30am-3pm),1.6K
September 4,Hyattsville Crossing,AM Peak (Open-9:30am),1.6K
September 4,Friendship Heights,AM Peak (Open-9:30am),1.6K
June 5,Woodley Park,AM Peak (Open-9:30am),1.6K
June 5,U Street,AM Peak (Open-9:30am),1.6K
June 5,Twinbrook,AM Peak (Open-9:30am),1.6K
June 5,Ronald Reagan Washington National Airport,Evening (7pm-12am),1.6K
June 5,L'Enfant Plaza,AM Peak (Open-9:30am),1.6K
June 5,Anacostia,AM Peak (Open-9:30am),1.6K
March 6,U Street,AM Peak (Open-9:30am),1.6K
March 6,Suitland,AM Peak (Open-9:30am),1.6K
March 6,Ronald Reagan Washington National Airport,Midday (9:30am-3pm),1.6K
March 6,Pentagon,Midday (9:30am-3pm),1.6K
March 6,King St-Old Town,AM Peak (Open-9:30am),1.6K
March 6,Grosvenor-Strathmore,AM Peak (Open-9:30am),1.6K
March 6,Friendship Heights,AM Peak (Open-9:30am),1.6K
March 6,Anacostia,AM Peak (Open-9:30am),1.6K
December 04,Woodley Park,AM Peak (Open-9:30am),1.5K
December 04,U Street,PM Peak (3pm-7pm),1.5K
December 04,Silver Spring,Midday (9:30am-3pm),1.5K
December 04,Potomac Ave,AM Peak (Open-9:30am),1.5K
December 04,Mt Vernon Sq,PM Peak (3pm-7pm),1.5K
December 04,Hyattsville Crossing,AM Peak (Open-9:30am),1.5K
December 04,Eastern Market,AM Peak (Open-9:30am),1.5K
December 04,Braddock Road,AM Peak (Open-9:30am),1.5K
September 4,Farragut West,Evening (7pm-12am),1.5K
September 4,Georgia Ave-Petworth,PM Peak (3pm-7pm),1.5K
September 4,McPherson Sq,Midday (9:30am-3pm),1.5K
September 4,West Hyattsville,AM Peak (Open-9:30am),1.5K
September 4,U Street,AM Peak (Open-9:30am),1.5K
September 4,Potomac Ave,AM Peak (Open-9:30am),1.5K
September 4,L'Enfant Plaza,AM Peak (Open-9:30am),1.5K
September 4,King St-Old Town,AM Peak (Open-9:30am),1.5K
June 5,Van Ness-UDC,AM Peak (Open-9:30am),1.5K
June 5,Rockville,AM Peak (Open-9:30am),1.5K
June 5,Potomac Ave,AM Peak (Open-9:30am),1.5K
June 5,McPherson Sq,AM Peak (Open-9:30am),1.5K
June 5,Braddock Road,AM Peak (Open-9:30am),1.5K
March 6,West Hyattsville,AM Peak (Open-9:30am),1.5K
March 6,Van Ness-UDC,AM Peak (Open-9:30am),1.5K
March 6,Silver Spring,Midday (9:30am-3pm),1.5K
March 6,Potomac Ave,AM Peak (Open-9:30am),1.5K
March 6,L'Enfant Plaza,AM Peak (Open-9:30am),1.5K
March 6,Capitol South,Midday (9:30am-3pm),1.5K
December 04,Van Ness-UDC,AM Peak (Open-9:30am),1.4K
December 04,Rhode Island Ave,Midday (9:30am-3pm),1.4K
December 04,Navy Yard-Ballpark,Midday (9:30am-3pm),1.4K
December 04,McPherson Sq,AM Peak (Open-9:30am),1.4K
December 04,Georgia Ave-Petworth,PM Peak (3pm-7pm),1.4K
December 04,Georgia Ave-Petworth,Midday (9:30am-3pm),1.4K
December 04,Friendship Heights,PM Peak (3pm-7pm),1.4K
December 04,Clarendon,AM Peak (Open-9:30am),1.4K
December 04,Anacostia,PM Peak (3pm-7pm),1.4K
September 4,U Street,PM Peak (3pm-7pm),1.4K
September 4,Silver Spring,PM Peak (3pm-7pm),1.4K
September 4,Mt Vernon Sq,PM Peak (3pm-7pm),1.4K
September 4,Rhode Island Ave,Midday (9:30am-3pm),1.4K
September 4,Navy Yard-Ballpark,Midday (9:30am-3pm),1.4K
September 4,Woodley Park,AM Peak (Open-9:30am),1.4K
September 4,Van Ness-UDC,AM Peak (Open-9:30am),1.4K
September 4,McPherson Sq,AM Peak (Open-9:30am),1.4K
September 4,Foggy Bottom-GWU,AM Peak (Open-9:30am),1.4K
September 4,Eastern Market,AM Peak (Open-9:30am),1.4K
September 4,Clarendon,AM Peak (Open-9:30am),1.4K
September 4,Braddock Road,AM Peak (Open-9:30am),1.4K
June 5,U Street,PM Peak (3pm-7pm),1.4K
June 5,Shaw-Howard U,PM Peak (3pm-7pm),1.4K
June 5,Shady Grove,Midday (9:30am-3pm),1.4K
June 5,Rhode Island Ave,Midday (9:30am-3pm),1.4K
June 5,Navy Yard-Ballpark,Midday (9:30am-3pm),1.4K
June 5,Georgia Ave-Petworth,Midday (9:30am-3pm),1.4K
June 5,Eastern Market,AM Peak (Open-9:30am),1.4K
June 5,Clarendon,AM Peak (Open-9:30am),1.4K
June 5,Capitol South,Midday (9:30am-3pm),1.4K
June 5,Bethesda,Midday (9:30am-3pm),1.4K
March 6,Woodley Park,AM Peak (Open-9:30am),1.4K
March 6,U Street,PM Peak (3pm-7pm),1.4K
March 6,McPherson Sq,Midday (9:30am-3pm),1.4K
March 6,McPherson Sq,AM Peak (Open-9:30am),1.4K
March 6,McLean,PM Peak (3pm-7pm),1.4K
March 6,Hyattsville Crossing,AM Peak (Open-9:30am),1.4K
March 6,Fort Totten,PM Peak (3pm-7pm),1.4K
March 6,Eastern Market,AM Peak (Open-9:30am),1.4K
March 6,Braddock Road,AM Peak (Open-9:30am),1.4K
December 04,Waterfront,PM Peak (3pm-7pm),1.3K
December 04,Virginia Sq-GMU,AM Peak (Open-9:30am),1.3K
December 04,Twinbrook,AM Peak (Open-9:30am),1.3K
December 04,Tenleytown-AU,Midday (9:30am-3pm),1.3K
December 04,Tenleytown-AU,AM Peak (Open-9:30am),1.3K
December 04,Shady Grove,Midday (9:30am-3pm),1.3K
December 04,Rockville,AM Peak (Open-9:30am),1.3K
December 04,McPherson Sq,Evening (7pm-12am),1.3K
December 04,Friendship Heights,Midday (9:30am-3pm),1.3K
December 04,Crystal City,Midday (9:30am-3pm),1.3K
December 04,Ballston-MU,Midday (9:30am-3pm),1.3K
September 4,Ronald Reagan Washington National Airport,Evening (7pm-12am),1.3K
September 4,Waterfront,PM Peak (3pm-7pm),1.3K
September 4,Silver Spring,Midday (9:30am-3pm),1.3K
September 4,Crystal City,Midday (9:30am-3pm),1.3K
September 4,Twinbrook,AM Peak (Open-9:30am),1.3K
September 4,Rockville,AM Peak (Open-9:30am),1.3K
June 5,Woodley Park,Midday (9:30am-3pm),1.3K
June 5,Virginia Sq-GMU,AM Peak (Open-9:30am),1.3K
June 5,Tenleytown-AU,AM Peak (Open-9:30am),1.3K
June 5,Metro Center,AM Peak (Open-9:30am),1.3K
June 5,L'Enfant Plaza,Evening (7pm-12am),1.3K
June 5,Georgia Ave-Petworth,PM Peak (3pm-7pm),1.3K
June 5,Friendship Heights,PM Peak (3pm-7pm),1.3K
June 5,Friendship Heights,Midday (9:30am-3pm),1.3K
June 5,Dunn Loring,AM Peak (Open-9:30am),1.3K
June 5,Crystal City,Midday (9:30am-3pm),1.3K
June 5,College Park-U of Md,AM Peak (Open-9:30am),1.3K
June 5,Ballston-MU,Midday (9:30am-3pm),1.3K
June 5,Anacostia,PM Peak (3pm-7pm),1.3K
March 6,Takoma,PM Peak (3pm-7pm),1.3K
March 6,Ronald Reagan Washington National Airport,Evening (7pm-12am),1.3K
March 6,Rockville,AM Peak (Open-9:30am),1.3K
March 6,Rhode Island Ave,Midday (9:30am-3pm),1.3K
March 6,Navy Yard-Ballpark,Midday (9:30am-3pm),1.3K
March 6,Georgia Ave-Petworth,PM Peak (3pm-7pm),1.3K
March 6,Friendship Heights,PM Peak (3pm-7pm),1.3K
March 6,Dunn Loring,AM Peak (Open-9:30am),1.3K
March 6,Crystal City,Midday (9:30am-3pm),1.3K
March 6,Clarendon,AM Peak (Open-9:30am),1.3K
March 6,Anacostia,PM Peak (3pm-7pm),1.3K
December 04,Waterfront,AM Peak (Open-9:30am),1.2K
December 04,Van Ness-UDC,PM Peak (3pm-7pm),1.2K
December 04,Takoma,PM Peak (3pm-7pm),1.2K
December 04,NoMa-Gallaudet U,Evening (7pm-12am),1.2K
December 04,Metro Center,AM Peak (Open-9:30am),1.2K
December 04,L'Enfant Plaza,Evening (7pm-12am),1.2K
December 04,Gallery Place,AM Peak (Open-9:30am),1.2K
December 04,Eastern Market,PM Peak (3pm-7pm),1.2K
December 04,Dunn Loring,AM Peak (Open-9:30am),1.2K
December 04,Cleveland Park,AM Peak (Open-9:30am),1.2K
December 04,Capitol South,Midday (9:30am-3pm),1.2K
December 04,Brookland-CUA,Midday (9:30am-3pm),1.2K
December 04,Bethesda,Midday (9:30am-3pm),1.2K
December 04,Benning Road,AM Peak (Open-9:30am),1.2K
December 04,Ashburn,AM Peak (Open-9:30am),1.2K
December 04,Anacostia,Midday (9:30am-3pm),1.2K
September 4,Van Ness-UDC,PM Peak (3pm-7pm),1.2K
September 4,King St-Old Town,PM Peak (3pm-7pm),1.2K
September 4,Friendship Heights,PM Peak (3pm-7pm),1.2K
September 4,Anacostia,PM Peak (3pm-7pm),1.2K
September 4,Shady Grove,Midday (9:30am-3pm),1.2K
September 4,Georgia Ave-Petworth,Midday (9:30am-3pm),1.2K
September 4,Ballston-MU,Midday (9:30am-3pm),1.2K
September 4,Anacostia,Midday (9:30am-3pm),1.2K
September 4,Virginia Sq-GMU,AM Peak (Open-9:30am),1.2K
September 4,Dunn Loring,AM Peak (Open-9:30am),1.2K
September 4,Ashburn,AM Peak (Open-9:30am),1.2K
June 5,Waterfront,PM Peak (3pm-7pm),1.2K
June 5,North Bethesda,AM Peak (Open-9:30am),1.2K
June 5,McPherson Sq,Evening (7pm-12am),1.2K
June 5,King St-Old Town,PM Peak (3pm-7pm),1.2K
June 5,King St-Old Town,Midday (9:30am-3pm),1.2K
June 5,Federal Triangle,Midday (9:30am-3pm),1.2K
June 5,Eastern Market,PM Peak (3pm-7pm),1.2K
June 5,Eastern Market,Midday (9:30am-3pm),1.2K
June 5,Brookland-CUA,PM Peak (3pm-7pm),1.2K
June 5,Ashburn,AM Peak (Open-9:30am),1.2K
June 5,Anacostia,Midday (9:30am-3pm),1.2K
March 6,Waterfront,PM Peak (3pm-7pm),1.2K
March 6,Virginia Sq-GMU,AM Peak (Open-9:30am),1.2K
March 6,Twinbrook,AM Peak (Open-9:30am),1.2K
March 6,Mt Vernon Sq,PM Peak (3pm-7pm),1.2K
March 6,Georgia Ave-Petworth,Midday (9:30am-3pm),1.2K
March 6,Eastern Market,PM Peak (3pm-7pm),1.2K
March 6,Brookland-CUA,Midday (9:30am-3pm),1.2K
March 6,Benning Road,AM Peak (Open-9:30am),1.2K
March 6,Ballston-MU,Midday (9:30am-3pm),1.2K
March 6,Anacostia,Midday (9:30am-3pm),1.2K
December 04,Woodley Park,PM Peak (3pm-7pm),1.1K
December 04,Wiehle-Reston East,AM Peak (Open-9:30am),1.1K
December 04,Wheaton,AM Peak (Open-9:30am),1.1K
December 04,Van Ness-UDC,Midday (9:30am-3pm),1.1K
December 04,Tysons,PM Peak (3pm-7pm),1.1K
December 04,Shaw-Howard U,AM Peak (Open-9:30am),1.1K
December 04,Rhode Island Ave,PM Peak (3pm-7pm),1.1K
December 04,Navy Yard-Ballpark,Evening (7pm-12am),1.1K
December 04,King St-Old Town,PM Peak (3pm-7pm),1.1K
December 04,Judiciary Square,Midday (9:30am-3pm),1.1K
December 04,Court House,PM Peak (3pm-7pm),1.1K
December 04,Archives,Midday (9:30am-3pm),1.1K
September 4,NoMa-Gallaudet U,Evening (7pm-12am),1.1K
September 4,Columbia Heights,Evening (7pm-12am),1.1K
September 4,Tysons,PM Peak (3pm-7pm),1.1K
September 4,Takoma,PM Peak (3pm-7pm),1.1K
September 4,Rhode Island Ave,PM Peak (3pm-7pm),1.1K
September 4,Eastern Market,PM Peak (3pm-7pm),1.1K
September 4,Tenleytown-AU,Midday (9:30am-3pm),1.1K
September 4,Friendship Heights,Midday (9:30am-3pm),1.1K
September 4,Brookland-CUA,Midday (9:30am-3pm),1.1K
September 4,Bethesda,Midday (9:30am-3pm),1.1K
September 4,Archives,Midday (9:30am-3pm),1.1K
September 4,Wiehle-Reston East,AM Peak (Open-9:30am),1.1K
September 4,Waterfront,AM Peak (Open-9:30am),1.1K
September 4,Van Dorn Street,AM Peak (Open-9:30am),1.1K
September 4,Tenleytown-AU,AM Peak (Open-9:30am),1.1K
September 4,Gallery Place,AM Peak (Open-9:30am),1.1K
September 4,Cleveland Park,AM Peak (Open-9:30am),1.1K
September 4,Benning Road,AM Peak (Open-9:30am),1.1K
September 4,Addison Road,AM Peak (Open-9:30am),1.1K
June 5,Wiehle-Reston East,AM Peak (Open-9:30am),1.1K
June 5,U Street,Evening (7pm-12am),1.1K
June 5,Tysons,PM Peak (3pm-7pm),1.1K
June 5,Shaw-Howard U,AM Peak (Open-9:30am),1.1K
June 5,NoMa-Gallaudet U,Evening (7pm-12am),1.1K
June 5,Mt Vernon Sq,AM Peak (Open-9:30am),1.1K
June 5,Gallery Place,AM Peak (Open-9:30am),1.1K
June 5,Farragut West,AM Peak (Open-9:30am),1.1K
June 5,Court House,PM Peak (3pm-7pm),1.1K
June 5,Columbia Heights,Evening (7pm-12am),1.1K
June 5,Cleveland Park,AM Peak (Open-9:30am),1.1K
June 5,Brookland-CUA,Midday (9:30am-3pm),1.1K
June 5,Benning Road,AM Peak (Open-9:30am),1.1K
June 5,Archives,Midday (9:30am-3pm),1.1K
June 5,Addison Road,AM Peak (Open-9:30am),1.1K
March 6,Wiehle-Reston East,AM Peak (Open-9:30am),1.1K
March 6,Wheaton,AM Peak (Open-9:30am),1.1K
March 6,Waterfront,AM Peak (Open-9:30am),1.1K
March 6,U Street,Evening (7pm-12am),1.1K
March 6,Tenleytown-AU,Midday (9:30am-3pm),1.1K
March 6,Tenleytown-AU,AM Peak (Open-9:30am),1.1K
March 6,Smithsonian,Midday (9:30am-3pm),1.1K
March 6,Shaw-Howard U,PM Peak (3pm-7pm),1.1K
March 6,Shaw-Howard U,AM Peak (Open-9:30am),1.1K
March 6,Shady Grove,Midday (9:30am-3pm),1.1K
March 6,Rhode Island Ave,PM Peak (3pm-7pm),1.1K
March 6,McPherson Sq,Evening (7pm-12am),1.1K
March 6,King St-Old Town,PM Peak (3pm-7pm),1.1K
March 6,King St-Old Town,Midday (9:30am-3pm),1.1K
March 6,Friendship Heights,Midday (9:30am-3pm),1.1K
March 6,Court House,PM Peak (3pm-7pm),1.1K
March 6,Cleveland Park,AM Peak (Open-9:30am),1.1K
March 6,Bethesda,Midday (9:30am-3pm),1.1K
December 04,Woodley Park,Midday (9:30am-3pm),1.0K
December 04,West Falls Church,AM Peak (Open-9:30am),1.0K
December 04,Van Dorn Street,AM Peak (Open-9:30am),1.0K
December 04,U Street,Evening (7pm-12am),1.0K
December 04,U Street,Midday (9:30am-3pm),1.0K
December 04,Pentagon City,Evening (7pm-12am),1.0K
December 04,North Bethesda,AM Peak (Open-9:30am),1.0K
December 04,Mt Vernon Sq,AM Peak (Open-9:30am),1.0K
December 04,Forest Glen,AM Peak (Open-9:30am),1.0K
December 04,Federal Triangle,Midday (9:30am-3pm),1.0K
December 04,Eastern Market,Midday (9:30am-3pm),1.0K
December 04,Dulles Airport,PM Peak (3pm-7pm),1.0K
December 04,Court House,Midday (9:30am-3pm),1.0K
December 04,Columbia Heights,Evening (7pm-12am),1.0K
December 04,Capitol Heights,AM Peak (Open-9:30am),1.0K
December 04,Addison Road,AM Peak (Open-9:30am),1.0K
September 4,U Street,Evening (7pm-12am),1.0K
September 4,Tenleytown-AU,Evening (7pm-12am),1.0K
September 4,Pentagon City,Evening (7pm-12am),1.0K
September 4,Navy Yard-Ballpark,Evening (7pm-12am),1.0K
September 4,McPherson Sq,Evening (7pm-12am),1.0K
September 4,Woodley Park,PM Peak (3pm-7pm),1.0K
September 4,Court House,PM Peak (3pm-7pm),1.0K
September 4,Van Ness-UDC,Midday (9:30am-3pm),1.0K
September 4,U Street,Midday (9:30am-3pm),1.0K
September 4,Judiciary Square,Midday (9:30am-3pm),1.0K
September 4,Wheaton,AM Peak (Open-9:30am),1.0K
September 4,Shaw-Howard U,AM Peak (Open-9:30am),1.0K
September 4,Metro Center,AM Peak (Open-9:30am),1.0K
June 5,Woodley Park,PM Peak (3pm-7pm),1.0K
June 5,West Falls Church,AM Peak (Open-9:30am),1.0K
June 5,Waterfront,AM Peak (Open-9:30am),1.0K
June 5,Vienna,Midday (9:30am-3pm),1.0K
June 5,Van Dorn Street,AM Peak (Open-9:30am),1.0K
June 5,U Street,Midday (9:30am-3pm),1.0K
June 5,Rhode Island Ave,PM Peak (3pm-7pm),1.0K
June 5,Pentagon City,Evening (7pm-12am),1.0K
June 5,Mt Vernon Sq,Midday (9:30am-3pm),1.0K
June 5,Franconia-Springfield,Midday (9:30am-3pm),1.0K
June 5,Dulles Airport,PM Peak (3pm-7pm),1.0K
June 5,Court House,Midday (9:30am-3pm),1.0K
June 5,Congress Heights,AM Peak (Open-9:30am),1.0K
June 5,Capitol Heights,AM Peak (Open-9:30am),1.0K
March 6,Van Dorn Street,AM Peak (Open-9:30am),1.0K
March 6,U Street,Midday (9:30am-3pm),1.0K
March 6,Tysons,PM Peak (3pm-7pm),1.0K
March 6,Takoma,Midday (9:30am-3pm),1.0K
March 6,NoMa-Gallaudet U,Evening (7pm-12am),1.0K
March 6,Mt Vernon Sq,AM Peak (Open-9:30am),1.0K
March 6,L'Enfant Plaza,Evening (7pm-12am),1.0K
March 6,Judiciary Square,Midday (9:30am-3pm),1.0K
March 6,Gallery Place,AM Peak (Open-9:30am),1.0K
March 6,Forest Glen,AM Peak (Open-9:30am),1.0K
March 6,Eastern Market,Midday (9:30am-3pm),1.0K
March 6,Capitol South,Evening (7pm-12am),1.0K
March 6,Ashburn,AM Peak (Open-9:30am),1.0K
March 6,Addison Road,AM Peak (Open-9:30am),1.0K
December 04,Waterfront,Midday (9:30am-3pm),0.9K
December 04,Vienna,Midday (9:30am-3pm),0.9K
December 04,Tenleytown-AU,Evening (7pm-12am),0.9K
December 04,Takoma,Midday (9:30am-3pm),0.9K
December 04,Smithsonian,Midday (9:30am-3pm),0.9K
December 04,Shaw-Howard U,Midday (9:30am-3pm),0.9K
December 04,Shady Grove,PM Peak (3pm-7pm),0.9K
December 04,Potomac Yard,AM Peak (Open-9:30am),0.9K
December 04,Naylor Road,AM Peak (Open-9:30am),0.9K
December 04,King St-Old Town,Midday (9:30am-3pm),0.9K
December 04,Farragut West,AM Peak (Open-9:30am),0.9K
December 04,College Park-U of Md,AM Peak (Open-9:30am),0.9K
December 04,Clarendon,PM Peak (3pm-7pm),0.9K
September 4,Rosslyn,Evening (7pm-12am),0.9K
September 4,L'Enfant Plaza,Evening (7pm-12am),0.9K
September 4,Archives,Evening (7pm-12am),0.9K
September 4,Shady Grove,PM Peak (3pm-7pm),0.9K
September 4,Dulles Airport,PM Peak (3pm-7pm),0.9K
September 4,Waterfront,Midday (9:30am-3pm),0.9K
September 4,King St-Old Town,Midday (9:30am-3pm),0.9K
September 4,Hyattsville Crossing,Midday (9:30am-3pm),0.9K
September 4,Eastern Market,Midday (9:30am-3pm),0.9K
September 4,Capitol South,Midday (9:30am-3pm),0.9K
September 4,West Falls Church,AM Peak (Open-9:30am),0.9K
September 4,North Bethesda,AM Peak (Open-9:30am),0.9K
September 4,Naylor Road,AM Peak (Open-9:30am),0.9K
September 4,Mt Vernon Sq,AM Peak (Open-9:30am),0.9K
September 4,Forest Glen,AM Peak (Open-9:30am),0.9K
September 4,Congress Heights,AM Peak (Open-9:30am),0.9K
September 4,College Park-U of Md,AM Peak (Open-9:30am),0.9K
September 4,Capitol Heights,AM Peak (Open-9:30am),0.9K
June 5,Waterfront,Midday (9:30am-3pm),0.9K
June 5,Van Ness-UDC,PM Peak (3pm-7pm),0.9K
June 5,Van Ness-UDC,Midday (9:30am-3pm),0.9K
June 5,Tenleytown-AU,Midday (9:30am-3pm),0.9K
June 5,Shady Grove,PM Peak (3pm-7pm),0.9K
June 5,Rosslyn,Evening (7pm-12am),0.9K
June 5,New Carrollton,Midday (9:30am-3pm),0.9K
June 5,Naylor Road,AM Peak (Open-9:30am),0.9K
June 5,Judiciary Square,Midday (9:30am-3pm),0.9K
June 5,Huntington,Midday (9:30am-3pm),0.9K
June 5,Fort Totten,Evening (7pm-12am),0.9K
March 6,Woodley Park,Midday (9:30am-3pm),0.9K
March 6,West Falls Church,AM Peak (Open-9:30am),0.9K
March 6,Waterfront,Midday (9:30am-3pm),0.9K
March 6,Van Ness-UDC,PM Peak (3pm-7pm),0.9K
March 6,Van Ness-UDC,Midday (9:30am-3pm),0.9K
March 6,Shady Grove,PM Peak (3pm-7pm),0.9K
March 6,North Bethesda,AM Peak (Open-9:30am),0.9K
March 6,Naylor Road,AM Peak (Open-9:30am),0.9K
March 6,Navy Yard-Ballpark,Evening (7pm-12am),0.9K
March 6,Metro Center,AM Peak (Open-9:30am),0.9K
March 6,Columbia Heights,Evening (7pm-12am),0.9K
March 6,College Park-U of Md,AM Peak (Open-9:30am),0.9K
March 6,Capitol Heights,AM Peak (Open-9:30am),0.9K
March 6,Archives,Midday (9:30am-3pm),0.9K
December 04,Stadium-Armory,AM Peak (Open-9:30am),0.8K
December 04,Rosslyn,Evening (7pm-12am),0.8K
December 04,New Carrollton,Midday (9:30am-3pm),0.8K
December 04,Mt Vernon Sq,Midday (9:30am-3pm),0.8K
December 04,Landover,AM Peak (Open-9:30am),0.8K
December 04,Hyattsville Crossing,Midday (9:30am-3pm),0.8K
December 04,Congress Heights,AM Peak (Open-9:30am),0.8K
December 04,Cleveland Park,Midday (9:30am-3pm),0.8K
December 04,Capitol South,AM Peak (Open-9:30am),0.8K
September 4,Clarendon,PM Peak (3pm-7pm),0.8K
September 4,Woodley Park,Midday (9:30am-3pm),0.8K
September 4,Vienna,Midday (9:30am-3pm),0.8K
September 4,Takoma,Midday (9:30am-3pm),0.8K
September 4,Smithsonian,Midday (9:30am-3pm),0.8K
September 4,Shaw-Howard U,Midday (9:30am-3pm),0.8K
September 4,New Carrollton,Midday (9:30am-3pm),0.8K
September 4,Mt Vernon Sq,Midday (9:30am-3pm),0.8K
September 4,Huntington,Midday (9:30am-3pm),0.8K
September 4,Federal Triangle,Midday (9:30am-3pm),0.8K
September 4,Court House,Midday (9:30am-3pm),0.8K
September 4,Stadium-Armory,AM Peak (Open-9:30am),0.8K
September 4,Potomac Yard,AM Peak (Open-9:30am),0.8K
September 4,Minnesota Ave,AM Peak (Open-9:30am),0.8K
September 4,Landover,AM Peak (Open-9:30am),0.8K
September 4,Farragut West,AM Peak (Open-9:30am),0.8K
September 4,Capitol South,AM Peak (Open-9:30am),0.8K
June 5,Twinbrook,Midday (9:30am-3pm),0.8K
June 5,Stadium-Armory,AM Peak (Open-9:30am),0.8K
June 5,Shaw-Howard U,Midday (9:30am-3pm),0.8K
June 5,Potomac Yard,AM Peak (Open-9:30am),0.8K
June 5,Mt Vernon Sq,Evening (7pm-12am),0.8K
June 5,Minnesota Ave,AM Peak (Open-9:30am),0.8K
June 5,Landover,AM Peak (Open-9:30am),0.8K
June 5,Hyattsville Crossing,Midday (9:30am-3pm),0.8K
June 5,Herndon,AM Peak (Open-9:30am),0.8K
June 5,Greenbelt,Midday (9:30am-3pm),0.8K
June 5,Farragut North,AM Peak (Open-9:30am),0.8K
June 5,Clarendon,PM Peak (3pm-7pm),0.8K
June 5,Capitol South,AM Peak (Open-9:30am),0.8K
June 5,Arlington Cemetery,Midday (9:30am-3pm),0.8K
June 5,Archives,Evening (7pm-12am),0.8K
March 6,Woodley Park,PM Peak (3pm-7pm),0.8K
March 6,Vienna,Midday (9:30am-3pm),0.8K
March 6,Stadium-Armory,AM Peak (Open-9:30am),0.8K
March 6,Shaw-Howard U,Midday (9:30am-3pm),0.8K
March 6,Rosslyn,Evening (7pm-12am),0.8K
March 6,Pentagon City,Evening (7pm-12am),0.8K
March 6,Mt Vernon Sq,Midday (9:30am-3pm),0.8K
March 6,Minnesota Ave,AM Peak (Open-9:30am),0.8K
March 6,Landover,AM Peak (Open-9:30am),0.8K
March 6,Hyattsville Crossing,Midday (9:30am-3pm),0.8K
March 6,Federal Triangle,Midday (9:30am-3pm),0.8K
March 6,Farragut West,AM Peak (Open-9:30am),0.8K
March 6,Eisenhower Ave,AM Peak (Open-9:30am),0.8K
March 6,Court House,Midday (9:30am-3pm),0.8K
March 6,Congress Heights,AM Peak (Open-9:30am),0.8K
March 6,Clarendon,PM Peak (3pm-7pm),0.8K
March 6,Capitol South,AM Peak (Open-9:30am),0.8K
December 04,Virginia Sq-GMU,PM Peak (3pm-7pm),0.7K
December 04,Stadium-Armory,PM Peak (3pm-7pm),0.7K
December 04,Ronald Reagan Washington National Airport,AM Peak (Open-9:30am),0.7K
December 04,Potomac Ave,Midday (9:30am-3pm),0.7K
December 04,Mt Vernon Sq,Evening (7pm-12am),0.7K
December 04,Morgan Boulevard,AM Peak (Open-9:30am),0.7K
December 04,Minnesota Ave,AM Peak (Open-9:30am),0.7K
December 04,Hyattsville Crossing,PM Peak (3pm-7pm),0.7K
December 04,Huntington,Midday (9:30am-3pm),0.7K
December 04,Herndon,AM Peak (Open-9:30am),0.7K
December 04,Glenmont,Midday (9:30am-3pm),0.7K
December 04,Franconia-Springfield,Midday (9:30am-3pm),0.7K
December 04,Farragut North,AM Peak (Open-9:30am),0.7K
December 04,Eisenhower Ave,AM Peak (Open-9:30am),0.7K
December 04,College Park-U of Md,PM Peak (3pm-7pm),0.7K
December 04,Cleveland Park,PM Peak (3pm-7pm),0.7K
December 04,Clarendon,Midday (9:30am-3pm),0.7K
December 04,Capitol South,Evening (7pm-12am),0.7K
December 04,Ballston-MU,Evening (7pm-12am),0.7K
December 04,Archives,Evening (7pm-12am),0.7K
September 4,Virginia Sq-GMU,PM Peak (3pm-7pm),0.7K
September 4,Hyattsville Crossing,PM Peak (3pm-7pm),0.7K
September 4,College Park-U of Md,PM Peak (3pm-7pm),0.7K
September 4,West Hyattsville,Midday (9:30am-3pm),0.7K
September 4,Greenbelt,Midday (9:30am-3pm),0.7K
September 4,Franconia-Springfield,Midday (9:30am-3pm),0.7K
September 4,Cleveland Park,Midday (9:30am-3pm),0.7K
September 4,Herndon,AM Peak (Open-9:30am),0.7K
June 5,Waterfront,Evening (7pm-12am),0.7K
June 5,Twinbrook,PM Peak (3pm-7pm),0.7K
June 5,Suitland,Midday (9:30am-3pm),0.7K
June 5,Southern Ave,Midday (9:30am-3pm),0.7K
June 5,Rockville,Midday (9:30am-3pm),0.7K
June 5,Potomac Ave,Midday (9:30am-3pm),0.7K
June 5,North Bethesda,PM Peak (3pm-7pm),0.7K
June 5,Morgan Boulevard,AM Peak (Open-9:30am),0.7K
June 5,Medical Center,Midday (9:30am-3pm),0.7K
June 5,Grosvenor-Strathmore,Midday (9:30am-3pm),0.7K
June 5,Federal Center SW,Midday (9:30am-3pm),0.7K
June 5,Eastern Market,Evening (7pm-12am),0.7K
June 5,East Falls Church,Midday (9:30am-3pm),0.7K
June 5,Cleveland Park,Midday (9:30am-3pm),0.7K
June 5,Clarendon,Midday (9:30am-3pm),0.7K
June 5,Bethesda,Evening (7pm-12am),0.7K
June 5,Ballston-MU,Evening (7pm-12am),0.7K
March 6,Tenleytown-AU,Evening (7pm-12am),0.7K
March 6,Stadium-Armory,PM Peak (3pm-7pm),0.7K
March 6,Potomac Yard,AM Peak (Open-9:30am),0.7K
March 6,Potomac Ave,Midday (9:30am-3pm),0.7K
March 6,New Carrollton,Midday (9:30am-3pm),0.7K
March 6,Mt Vernon Sq,Evening (7pm-12am),0.7K
March 6,Morgan Boulevard,AM Peak (Open-9:30am),0.7K
March 6,Hyattsville Crossing,PM Peak (3pm-7pm),0.7K
March 6,Herndon,AM Peak (Open-9:30am),0.7K
March 6,Glenmont,Midday (9:30am-3pm),0.7K
March 6,Eastern Market,Evening (7pm-12am),0.7K
March 6,Dulles Airport,PM Peak (3pm-7pm),0.7K
March 6,Archives,Evening (7pm-12am),0.7K
December 04,West Hyattsville,Midday (9:30am-3pm),0.6K
December 04,Waterfront,Evening (7pm-12am),0.6K
December 04,Virginia Sq-GMU,Midday (9:30am-3pm),0.6K
December 04,Vienna,PM Peak (3pm-7pm),0.6K
December 04,Twinbrook,PM Peak (3pm-7pm),0.6K
December 04,Twinbrook,Midday (9:30am-3pm),0.6K
December 04,Suitland,Midday (9:30am-3pm),0.6K
December 04,Stadium-Armory,Midday (9:30am-3pm),0.6K
December 04,Shaw-Howard U,Evening (7pm-12am),0.6K
December 04,Rockville,PM Peak (3pm-7pm),0.6K
December 04,Rockville,Midday (9:30am-3pm),0.6K
December 04,Potomac Ave,PM Peak (3pm-7pm),0.6K
December 04,North Bethesda,PM Peak (3pm-7pm),0.6K
December 04,Medical Center,Midday (9:30am-3pm),0.6K
December 04,Medical Center,AM Peak (Open-9:30am),0.6K
December 04,Judiciary Square,Evening (7pm-12am),0.6K
December 04,Grosvenor-Strathmore,Midday (9:30am-3pm),0.6K
December 04,Greensboro,PM Peak (3pm-7pm),0.6K
December 04,Greenbelt,Midday (9:30am-3pm),0.6K
December 04,Franconia-Springfield,PM Peak (3pm-7pm),0.6K
December 04,Federal Center SW,Midday (9:30am-3pm),0.6K
December 04,Eastern Market,Evening (7pm-12am),0.6K
December 04,East Falls Church,Midday (9:30am-3pm),0.6K
December 04,Braddock Road,PM Peak (3pm-7pm),0.6K
December 04,Bethesda,Evening (7pm-12am),0.6K
September 4,Waterfront,Evening (7pm-12am),0.6K
September 4,Rhode Island Ave,Evening (7pm-12am),0.6K
September 4,Judiciary Square,Evening (7pm-12am),0.6K
September 4,Fort Totten,Evening (7pm-12am),0.6K
September 4,Ballston-MU,Evening (7pm-12am),0.6K
September 4,Twinbrook,PM Peak (3pm-7pm),0.6K
September 4,Stadium-Armory,PM Peak (3pm-7pm),0.6K
September 4,Rockville,PM Peak (3pm-7pm),0.6K
September 4,North Bethesda,PM Peak (3pm-7pm),0.6K
September 4,New Carrollton,PM Peak (3pm-7pm),0.6K
September 4,Greenbelt,PM Peak (3pm-7pm),0.6K
September 4,Cleveland Park,PM Peak (3pm-7pm),0.6K
September 4,Twinbrook,Midday (9:30am-3pm),0.6K
September 4,Suitland,Midday (9:30am-3pm),0.6K
September 4,Southern Ave,Midday (9:30am-3pm),0.6K
September 4,Rockville,Midday (9:30am-3pm),0.6K
September 4,Potomac Ave,Midday (9:30am-3pm),0.6K
September 4,Medical Center,Midday (9:30am-3pm),0.6K
September 4,Grosvenor-Strathmore,Midday (9:30am-3pm),0.6K
September 4,Glenmont,Midday (9:30am-3pm),0.6K
September 4,East Falls Church,Midday (9:30am-3pm),0.6K
September 4,Clarendon,Midday (9:30am-3pm),0.6K
September 4,Ronald Reagan Washington National Airport,AM Peak (Open-9:30am),0.6K
September 4,Morgan Boulevard,AM Peak (Open-9:30am),0.6K
September 4,Medical Center,AM Peak (Open-9:30am),0.6K
September 4,Farragut North,AM Peak (Open-9:30am),0.6K
September 4,Eisenhower Ave,AM Peak (Open-9:30am),0.6K
June 5,West Hyattsville,Midday (9:30am-3pm),0.6K
June 5,Virginia Sq-GMU,PM Peak (3pm-7pm),0.6K
June 5,Virginia Sq-GMU,Midday (9:30am-3pm),0.6K
June 5,Vienna,PM Peak (3pm-7pm),0.6K
June 5,Stadium-Armory,PM Peak (3pm-7pm),0.6K
June 5,Stadium-Armory,Midday (9:30am-3pm),0.6K
June 5,Ronald Reagan Washington National Airport,AM Peak (Open-9:30am),0.6K
June 5,Rockville,PM Peak (3pm-7pm),0.6K
June 5,North Bethesda,Midday (9:30am-3pm),0.6K
June 5,New Carrollton,PM Peak (3pm-7pm),0.6K
June 5,Medical Center,AM Peak (Open-9:30am),0.6K
June 5,Hyattsville Crossing,PM Peak (3pm-7pm),0.6K
June 5,Greensboro,PM Peak (3pm-7pm),0.6K
June 5,Greenbelt,PM Peak (3pm-7pm),0.6K
June 5,Franconia-Springfield,PM Peak (3pm-7pm),0.6K
June 5,Eisenhower Ave,AM Peak (Open-9:30am),0.6K
June 5,Dulles Airport,Midday (9:30am-3pm),0.6K
June 5,Congress Heights,Midday (9:30am-3pm),0.6K
June 5,College Park-U of Md,PM Peak (3pm-7pm),0.6K
June 5,College Park-U of Md,Midday (9:30am-3pm),0.6K
June 5,Cleveland Park,PM Peak (3pm-7pm),0.6K
June 5,Capitol South,Evening (7pm-12am),0.6K
June 5,Branch Ave,Midday (9:30am-3pm),0.6K
June 5,Braddock Road,PM Peak (3pm-7pm),0.6K
June 5,Benning Road,Midday (9:30am-3pm),0.6K
March 6,Wheaton,Midday (9:30am-3pm),0.6K
March 6,West Hyattsville,Midday (9:30am-3pm),0.6K
March 6,Waterfront,Evening (7pm-12am),0.6K
March 6,Virginia Sq-GMU,PM Peak (3pm-7pm),0.6K
March 6,Vienna,PM Peak (3pm-7pm),0.6K
March 6,Twinbrook,PM Peak (3pm-7pm),0.6K
March 6,Stadium-Armory,Midday (9:30am-3pm),0.6K
March 6,Southern Ave,Midday (9:30am-3pm),0.6K
March 6,Ronald Reagan Washington National Airport,AM Peak (Open-9:30am),0.6K
March 6,Rockville,PM Peak (3pm-7pm),0.6K
March 6,Rockville,Midday (9:30am-3pm),0.6K
March 6,North Bethesda,PM Peak (3pm-7pm),0.6K
March 6,New Carrollton,PM Peak (3pm-7pm),0.6K
March 6,Minnesota Ave,PM Peak (3pm-7pm),0.6K
March 6,Medical Center,Midday (9:30am-3pm),0.6K
March 6,Huntington,Midday (9:30am-3pm),0.6K
March 6,Greenbelt,Midday (9:30am-3pm),0.6K
March 6,Franconia-Springfield,Midday (9:30am-3pm),0.6K
March 6,Farragut North,AM Peak (Open-9:30am),0.6K
March 6,Congress Heights,PM Peak (3pm-7pm),0.6K
March 6,College Park-U of Md,PM Peak (3pm-7pm),0.6K
March 6,Cleveland Park,PM Peak (3pm-7pm),0.6K
March 6,Cleveland Park,Midday (9:30am-3pm),0.6K
March 6,Clarendon,Midday (9:30am-3pm),0.6K
March 6,Ballston-MU,Evening (7pm-12am),0.6K
December 04,Wheaton,PM Peak (3pm-7pm),0.5K
December 04,Wheaton,Midday (9:30am-3pm),0.5K
December 04,West Hyattsville,PM Peak (3pm-7pm),0.5K
December 04,Tysons,Evening (7pm-12am),0.5K
December 04,Southern Ave,Midday (9:30am-3pm),0.5K
December 04,Silver Spring,Evening (7pm-12am),0.5K
December 04,Rhode Island Ave,Evening (7pm-12am),0.5K
December 04,Potomac Yard,PM Peak (3pm-7pm),0.5K
December 04,North Bethesda,Midday (9:30am-3pm),0.5K
December 04,New Carrollton,PM Peak (3pm-7pm),0.5K
December 04,Minnesota Ave,PM Peak (3pm-7pm),0.5K
December 04,Minnesota Ave,Midday (9:30am-3pm),0.5K
December 04,McLean,AM Peak (Open-9:30am),0.5K
December 04,Innovation Center,AM Peak (Open-9:30am),0.5K
December 04,Greenbelt,PM Peak (3pm-7pm),0.5K
December 04,Fort Totten,Evening (7pm-12am),0.5K
December 04,Federal Triangle,Evening (7pm-12am),0.5K
December 04,East Falls Church,PM Peak (3pm-7pm),0.5K
December 04,Dunn Loring,PM Peak (3pm-7pm),0.5K
December 04,Dulles Airport,Evening (7pm-12am),0.5K
December 04,Dulles Airport,Midday (9:30am-3pm),0.5K
December 04,Deanwood,AM Peak (Open-9:30am),0.5K
December 04,Crystal City,Evening (7pm-12am),0.5K
December 04,Clarendon,Evening (7pm-12am),0.5K
December 04,Branch Ave,Midday (9:30am-3pm),0.5K
December 04,Braddock Road,Midday (9:30am-3pm),0.5K
December 04,Benning Road,Midday (9:30am-3pm),0.5K
September 4,Smithsonian,Evening (7pm-12am),0.5K
September 4,Shaw-Howard U,Evening (7pm-12am),0.5K
September 4,Mt Vernon Sq,Evening (7pm-12am),0.5K
September 4,King St-Old Town,Evening (7pm-12am),0.5K
September 4,Eastern Market,Evening (7pm-12am),0.5K
September 4,Dulles Airport,Evening (7pm-12am),0.5K
September 4,Crystal City,Evening (7pm-12am),0.5K
September 4,Clarendon,Evening (7pm-12am),0.5K
September 4,Brookland-CUA,Evening (7pm-12am),0.5K
September 4,Bethesda,Evening (7pm-12am),0.5K
September 4,West Hyattsville,PM Peak (3pm-7pm),0.5K
September 4,Potomac Ave,PM Peak (3pm-7pm),0.5K
September 4,Minnesota Ave,PM Peak (3pm-7pm),0.5K
September 4,Huntington,PM Peak (3pm-7pm),0.5K
September 4,Greensboro,PM Peak (3pm-7pm),0.5K
September 4,Franconia-Springfield,PM Peak (3pm-7pm),0.5K
September 4,East Falls Church,PM Peak (3pm-7pm),0.5K
September 4,Braddock Road,PM Peak (3pm-7pm),0.5K
September 4,Wheaton,Midday (9:30am-3pm),0.5K
September 4,Virginia Sq-GMU,Midday (9:30am-3pm),0.5K
September 4,Stadium-Armory,Midday (9:30am-3pm),0.5K
September 4,North Bethesda,Midday (9:30am-3pm),0.5K
September 4,Minnesota Ave,Midday (9:30am-3pm),0.5K
September 4,Federal Center SW,Midday (9:30am-3pm),0.5K
September 4,Downtown Largo,Midday (9:30am-3pm),0.5K
September 4,College Park-U of Md,Midday (9:30am-3pm),0.5K
September 4,Branch Ave,Midday (9:30am-3pm),0.5K
September 4,Braddock Road,Midday (9:30am-3pm),0.5K
September 4,Benning Road,Midday (9:30am-3pm),0.5K
September 4,Deanwood,AM Peak (Open-9:30am),0.5K
June 5,West Hyattsville,PM Peak (3pm-7pm),0.5K
June 5,Tysons,Evening (7pm-12am),0.5K
June 5,Smithsonian,Evening (7pm-12am),0.5K
June 5,Rhode Island Ave,Evening (7pm-12am),0.5K
June 5,Reston Town Center,AM Peak (Open-9:30am),0.5K
June 5,Potomac Ave,PM Peak (3pm-7pm),0.5K
June 5,Minnesota Ave,PM Peak (3pm-7pm),0.5K
June 5,Minnesota Ave,Midday (9:30am-3pm),0.5K
June 5,McLean,Midday (9:30am-3pm),0.5K
June 5,McLean,AM Peak (Open-9:30am),0.5K
June 5,King St-Old Town,Evening (7pm-12am),0.5K
June 5,Innovation Center,AM Peak (Open-9:30am),0.5K
June 5,Huntington,PM Peak (3pm-7pm),0.5K
June 5,Federal Triangle,Evening (7pm-12am),0.5K
June 5,East Falls Church,PM Peak (3pm-7pm),0.5K
June 5,Dunn Loring,Midday (9:30am-3pm),0.5K
June 5,Dulles Airport,Evening (7pm-12am),0.5K
June 5,Dulles Airport,AM Peak (Open-9:30am),0.5K
June 5,Downtown Largo,Midday (9:30am-3pm),0.5K
June 5,Deanwood,AM Peak (Open-9:30am),0.5K
June 5,Crystal City,Evening (7pm-12am),0.5K
June 5,Clarendon,Evening (7pm-12am),0.5K
June 5,Braddock Road,Midday (9:30am-3pm),0.5K
March 6,Wheaton,PM Peak (3pm-7pm),0.5K
March 6,West Hyattsville,PM Peak (3pm-7pm),0.5K
March 6,Virginia Sq-GMU,Midday (9:30am-3pm),0.5K
March 6,Twinbrook,Midday (9:30am-3pm),0.5K
March 6,Suitland,Midday (9:30am-3pm),0.5K
March 6,Silver Spring,Evening (7pm-12am),0.5K
March 6,Shaw-Howard U,Evening (7pm-12am),0.5K
March 6,Rhode Island Ave,Evening (7pm-12am),0.5K
March 6,Potomac Ave,PM Peak (3pm-7pm),0.5K
March 6,North Bethesda,Midday (9:30am-3pm),0.5K
March 6,Minnesota Ave,Midday (9:30am-3pm),0.5K
March 6,Medical Center,AM Peak (Open-9:30am),0.5K
March 6,Judiciary Square,Evening (7pm-12am),0.5K
March 6,Grosvenor-Strathmore,PM Peak (3pm-7pm),0.5K
March 6,Grosvenor-Strathmore,Midday (9:30am-3pm),0.5K
March 6,Greensboro,PM Peak (3pm-7pm),0.5K
March 6,Greenbelt,PM Peak (3pm-7pm),0.5K
March 6,Glenmont,PM Peak (3pm-7pm),0.5K
March 6,Franconia-Springfield,PM Peak (3pm-7pm),0.5K
March 6,Federal Center SW,Midday (9:30am-3pm),0.5K
March 6,East Falls Church,PM Peak (3pm-7pm),0.5K
March 6,East Falls Church,Midday (9:30am-3pm),0.5K
March 6,Downtown Largo,Midday (9:30am-3pm),0.5K
March 6,Deanwood,AM Peak (Open-9:30am),0.5K
March 6,Crystal City,Evening (7pm-12am),0.5K
March 6,College Park-U of Md,Midday (9:30am-3pm),0.5K
March 6,Brookland-CUA,Evening (7pm-12am),0.5K
March 6,Branch Ave,Midday (9:30am-3pm),0.5K
March 6,Braddock Road,PM Peak (3pm-7pm),0.5K
March 6,Bethesda,Evening (7pm-12am),0.5K
March 6,Benning Road,Midday (9:30am-3pm),0.5K
December 04,Wiehle-Reston East,PM Peak (3pm-7pm),0.4K
December 04,Tysons,AM Peak (Open-9:30am),0.4K
December 04,Suitland,PM Peak (3pm-7pm),0.4K
December 04,Reston Town Center,PM Peak (3pm-7pm),0.4K
December 04,Reston Town Center,AM Peak (Open-9:30am),0.4K
December 04,McLean,Midday (9:30am-3pm),0.4K
December 04,King St-Old Town,Evening (7pm-12am),0.4K
December 04,Judiciary Square,AM Peak (Open-9:30am),0.4K
December 04,Huntington,PM Peak (3pm-7pm),0.4K
December 04,Grosvenor-Strathmore,PM Peak (3pm-7pm),0.4K
December 04,Glenmont,PM Peak (3pm-7pm),0.4K
December 04,Georgia Ave-Petworth,Evening (7pm-12am),0.4K
December 04,Friendship Heights,Evening (7pm-12am),0.4K
December 04,Eisenhower Ave,PM Peak (3pm-7pm),0.4K
December 04,Dunn Loring,Midday (9:30am-3pm),0.4K
December 04,Dulles Airport,AM Peak (Open-9:30am),0.4K
December 04,Downtown Largo,Midday (9:30am-3pm),0.4K
December 04,Court House,Evening (7pm-12am),0.4K
December 04,Congress Heights,Midday (9:30am-3pm),0.4K
December 04,College Park-U of Md,Midday (9:30am-3pm),0.4K
December 04,Cheverly,AM Peak (Open-9:30am),0.4K
December 04,Benning Road,PM Peak (3pm-7pm),0.4K
December 04,Addison Road,Midday (9:30am-3pm),0.4K
September 4,Van Ness-UDC,Evening (7pm-12am),0.4K
September 4,Tysons,Evening (7pm-12am),0.4K
September 4,Silver Spring,Evening (7pm-12am),0.4K
September 4,Georgia Ave-Petworth,Evening (7pm-12am),0.4K
September 4,Friendship Heights,Evening (7pm-12am),0.4K
September 4,Federal Triangle,Evening (7pm-12am),0.4K
September 4,Court House,Evening (7pm-12am),0.4K
September 4,Capitol South,Evening (7pm-12am),0.4K
September 4,Wheaton,PM Peak (3pm-7pm),0.4K
September 4,Suitland,PM Peak (3pm-7pm),0.4K
September 4,Southern Ave,PM Peak (3pm-7pm),0.4K
September 4,Reston Town Center,PM Peak (3pm-7pm),0.4K
September 4,Potomac Yard,PM Peak (3pm-7pm),0.4K
September 4,Grosvenor-Strathmore,PM Peak (3pm-7pm),0.4K
September 4,Eisenhower Ave,PM Peak (3pm-7pm),0.4K
September 4,Dunn Loring,PM Peak (3pm-7pm),0.4K
September 4,Congress Heights,PM Peak (3pm-7pm),0.4K
September 4,Branch Ave,PM Peak (3pm-7pm),0.4K
September 4,Benning Road,PM Peak (3pm-7pm),0.4K
September 4,Tysons,Midday (9:30am-3pm),0.4K
September 4,Potomac Yard,Midday (9:30am-3pm),0.4K
September 4,McLean,Midday (9:30am-3pm),0.4K
September 4,Dunn Loring,Midday (9:30am-3pm),0.4K
September 4,Dulles Airport,Midday (9:30am-3pm),0.4K
September 4,Congress Heights,Midday (9:30am-3pm),0.4K
September 4,Addison Road,Midday (9:30am-3pm),0.4K
September 4,Tysons,AM Peak (Open-9:30am),0.4K
September 4,Reston Town Center,AM Peak (Open-9:30am),0.4K
September 4,McLean,AM Peak (Open-9:30am),0.4K
September 4,Judiciary Square,AM Peak (Open-9:30am),0.4K
September 4,Innovation Center,AM Peak (Open-9:30am),0.4K
September 4,Cheverly,AM Peak (Open-9:30am),0.4K
June 5,Wiehle-Reston East,PM Peak (3pm-7pm),0.4K
June 5,Wiehle-Reston East,Midday (9:30am-3pm),0.4K
June 5,West Falls Church,Midday (9:30am-3pm),0.4K
June 5,Van Dorn Street,Midday (9:30am-3pm),0.4K
June 5,Tysons,Midday (9:30am-3pm),0.4K
June 5,Tysons,AM Peak (Open-9:30am),0.4K
June 5,Tenleytown-AU,Evening (7pm-12am),0.4K
June 5,Suitland,PM Peak (3pm-7pm),0.4K
June 5,Spring Hill,PM Peak (3pm-7pm),0.4K
June 5,Southern Ave,PM Peak (3pm-7pm),0.4K
June 5,Shaw-Howard U,Evening (7pm-12am),0.4K
June 5,Reston Town Center,PM Peak (3pm-7pm),0.4K
June 5,Potomac Yard,PM Peak (3pm-7pm),0.4K
June 5,Naylor Road,Midday (9:30am-3pm),0.4K
June 5,Judiciary Square,Evening (7pm-12am),0.4K
June 5,Judiciary Square,AM Peak (Open-9:30am),0.4K
June 5,Grosvenor-Strathmore,PM Peak (3pm-7pm),0.4K
June 5,Georgia Ave-Petworth,Evening (7pm-12am),0.4K
June 5,Friendship Heights,Evening (7pm-12am),0.4K
June 5,Eisenhower Ave,PM Peak (3pm-7pm),0.4K
June 5,Dunn Loring,PM Peak (3pm-7pm),0.4K
June 5,Downtown Largo,PM Peak (3pm-7pm),0.4K
June 5,Court House,Evening (7pm-12am),0.4K
June 5,Congress Heights,PM Peak (3pm-7pm),0.4K
June 5,Cheverly,AM Peak (Open-9:30am),0.4K
June 5,Capitol Heights,Midday (9:30am-3pm),0.4K
June 5,Addison Road,Midday (9:30am-3pm),0.4K
March 6,Wiehle-Reston East,PM Peak (3pm-7pm),0.4K
March 6,Tysons,Evening (7pm-12am),0.4K
March 6,Suitland,PM Peak (3pm-7pm),0.4K
March 6,Southern Ave,PM Peak (3pm-7pm),0.4K
March 6,Reston Town Center,AM Peak (Open-9:30am),0.4K
March 6,Potomac Yard,PM Peak (3pm-7pm),0.4K
March 6,Naylor Road,Midday (9:30am-3pm),0.4K
March 6,McLean,AM Peak (Open-9:30am),0.4K
March 6,King St-Old Town,Evening (7pm-12am),0.4K
March 6,Judiciary Square,AM Peak (Open-9:30am),0.4K
March 6,Innovation Center,AM Peak (Open-9:30am),0.4K
March 6,Huntington,PM Peak (3pm-7pm),0.4K
March 6,Friendship Heights,Evening (7pm-12am),0.4K
March 6,Federal Triangle,Evening (7pm-12am),0.4K
March 6,Eisenhower Ave,PM Peak (3pm-7pm),0.4K
March 6,Dunn Loring,PM Peak (3pm-7pm),0.4K
March 6,Dunn Loring,Midday (9:30am-3pm),0.4K
March 6,Dulles Airport,Evening (7pm-12am),0.4K
March 6,Deanwood,Midday (9:30am-3pm),0.4K
March 6,Court House,Evening (7pm-12am),0.4K
March 6,Congress Heights,Midday (9:30am-3pm),0.4K
March 6,Clarendon,Evening (7pm-12am),0.4K
March 6,Cheverly,AM Peak (Open-9:30am),0.4K
March 6,Capitol Heights,Midday (9:30am-3pm),0.4K
March 6,Branch Ave,PM Peak (3pm-7pm),0.4K
March 6,Braddock Road,Midday (9:30am-3pm),0.4K
March 6,Benning Road,PM Peak (3pm-7pm),0.4K
March 6,Arlington Cemetery,Midday (9:30am-3pm),0.4K
December 04,Woodley Park,Evening (7pm-12am),0.3K
December 04,Wiehle-Reston East,Midday (9:30am-3pm),0.3K
December 04,West Falls Church,Midday (9:30am-3pm),0.3K
December 04,Van Ness-UDC,Evening (7pm-12am),0.3K
December 04,Van Dorn Street,Midday (9:30am-3pm),0.3K
December 04,Tysons,Midday (9:30am-3pm),0.3K
December 04,Southern Ave,PM Peak (3pm-7pm),0.3K
December 04,Smithsonian,Evening (7pm-12am),0.3K
December 04,Potomac Yard,Midday (9:30am-3pm),0.3K
December 04,Naylor Road,Midday (9:30am-3pm),0.3K
December 04,Medical Center,Evening (7pm-12am),0.3K
December 04,Landover,Midday (9:30am-3pm),0.3K
December 04,Greensboro,AM Peak (Open-9:30am),0.3K
December 04,Forest Glen,Midday (9:30am-3pm),0.3K
December 04,Eisenhower Ave,Midday (9:30am-3pm),0.3K
December 04,Downtown Largo,PM Peak (3pm-7pm),0.3K
December 04,Deanwood,PM Peak (3pm-7pm),0.3K
December 04,Deanwood,Midday (9:30am-3pm),0.3K
December 04,Congress Heights,PM Peak (3pm-7pm),0.3K
December 04,Cleveland Park,Evening (7pm-12am),0.3K
December 04,Capitol Heights,PM Peak (3pm-7pm),0.3K
December 04,Capitol Heights,Midday (9:30am-3pm),0.3K
December 04,Brookland-CUA,Evening (7pm-12am),0.3K
December 04,Anacostia,Evening (7pm-12am),0.3K
September 4,Woodley Park,Evening (7pm-12am),0.3K
September 4,Takoma,Evening (7pm-12am),0.3K
September 4,Pentagon,Evening (7pm-12am),0.3K
September 4,Medical Center,Evening (7pm-12am),0.3K
September 4,Hyattsville Crossing,Evening (7pm-12am),0.3K
September 4,Cleveland Park,Evening (7pm-12am),0.3K
September 4,Anacostia,Evening (7pm-12am),0.3K
September 4,Wiehle-Reston East,PM Peak (3pm-7pm),0.3K
September 4,Vienna,PM Peak (3pm-7pm),0.3K
September 4,Spring Hill,PM Peak (3pm-7pm),0.3K
September 4,Innovation Center,PM Peak (3pm-7pm),0.3K
September 4,Glenmont,PM Peak (3pm-7pm),0.3K
September 4,Downtown Largo,PM Peak (3pm-7pm),0.3K
September 4,Arlington Cemetery,PM Peak (3pm-7pm),0.3K
September 4,Wiehle-Reston East,Midday (9:30am-3pm),0.3K
September 4,West Falls Church,Midday (9:30am-3pm),0.3K
September 4,Van Dorn Street,Midday (9:30am-3pm),0.3K
September 4,Naylor Road,Midday (9:30am-3pm),0.3K
September 4,Eisenhower Ave,Midday (9:30am-3pm),0.3K
September 4,Deanwood,Midday (9:30am-3pm),0.3K
September 4,Capitol Heights,Midday (9:30am-3pm),0.3K
September 4,Ashburn,Midday (9:30am-3pm),0.3K
September 4,Arlington Cemetery,Midday (9:30am-3pm),0.3K
September 4,Greensboro,AM Peak (Open-9:30am),0.3K
September 4,Dulles Airport,AM Peak (Open-9:30am),0.3K
September 4,Archives,AM Peak (Open-9:30am),0.3K
June 5,Woodley Park,Evening (7pm-12am),0.3K
June 5,Van Dorn Street,PM Peak (3pm-7pm),0.3K
June 5,Spring Hill,AM Peak (Open-9:30am),0.3K
June 5,Potomac Yard,Midday (9:30am-3pm),0.3K
June 5,Pentagon,Evening (7pm-12am),0.3K
June 5,McLean,Evening (7pm-12am),0.3K
June 5,Innovation Center,PM Peak (3pm-7pm),0.3K
June 5,Hyattsville Crossing,Evening (7pm-12am),0.3K
June 5,Greensboro,AM Peak (Open-9:30am),0.3K
June 5,Federal Center SW,AM Peak (Open-9:30am),0.3K
June 5,Eisenhower Ave,Midday (9:30am-3pm),0.3K
June 5,Deanwood,Midday (9:30am-3pm),0.3K
June 5,Cleveland Park,Evening (7pm-12am),0.3K
June 5,Brookland-CUA,Evening (7pm-12am),0.3K
June 5,Branch Ave,PM Peak (3pm-7pm),0.3K
June 5,Benning Road,PM Peak (3pm-7pm),0.3K
June 5,Ashburn,Midday (9:30am-3pm),0.3K
June 5,Arlington Cemetery,PM Peak (3pm-7pm),0.3K
June 5,Anacostia,Evening (7pm-12am),0.3K
March 6,Woodley Park,Evening (7pm-12am),0.3K
March 6,Wiehle-Reston East,Midday (9:30am-3pm),0.3K
March 6,West Falls Church,Midday (9:30am-3pm),0.3K
March 6,Van Ness-UDC,Evening (7pm-12am),0.3K
March 6,Van Dorn Street,Midday (9:30am-3pm),0.3K
March 6,Tysons,Midday (9:30am-3pm),0.3K
March 6,Tysons,AM Peak (Open-9:30am),0.3K
March 6,Smithsonian,Evening (7pm-12am),0.3K
March 6,Reston Town Center,PM Peak (3pm-7pm),0.3K
March 6,Potomac Yard,Midday (9:30am-3pm),0.3K
March 6,Pentagon,Evening (7pm-12am),0.3K
March 6,Medical Center,Evening (7pm-12am),0.3K
March 6,McLean,Midday (9:30am-3pm),0.3K
March 6,Hyattsville Crossing,Evening (7pm-12am),0.3K
March 6,Greensboro,AM Peak (Open-9:30am),0.3K
March 6,Georgia Ave-Petworth,Evening (7pm-12am),0.3K
March 6,Fort Totten,Evening (7pm-12am),0.3K
March 6,Forest Glen,Midday (9:30am-3pm),0.3K
March 6,Federal Center SW,AM Peak (Open-9:30am),0.3K
March 6,Eisenhower Ave,Midday (9:30am-3pm),0.3K
March 6,Dulles Airport,Midday (9:30am-3pm),0.3K
March 6,Downtown Largo,PM Peak (3pm-7pm),0.3K
March 6,Deanwood,PM Peak (3pm-7pm),0.3K
March 6,Cleveland Park,Evening (7pm-12am),0.3K
March 6,Ashburn,Midday (9:30am-3pm),0.3K
March 6,Addison Road,Midday (9:30am-3pm),0.3K
December 04,Wheaton,Evening (7pm-12am),0.2K
December 04,West Falls Church,PM Peak (3pm-7pm),0.2K
December 04,Virginia Sq-GMU,Evening (7pm-12am),0.2K
December 04,Vienna,Evening (7pm-12am),0.2K
December 04,Van Dorn Street,PM Peak (3pm-7pm),0.2K
December 04,Takoma,Evening (7pm-12am),0.2K
December 04,Spring Hill,PM Peak (3pm-7pm),0.2K
December 04,Spring Hill,Midday (9:30am-3pm),0.2K
December 04,Spring Hill,AM Peak (Open-9:30am),0.2K
December 04,Smithsonian,AM Peak (Open-9:30am),0.2K
December 04,Shady Grove,Evening (7pm-12am),0.2K
December 04,Rockville,Evening (7pm-12am),0.2K
December 04,Reston Town Center,Midday (9:30am-3pm),0.2K
December 04,Potomac Ave,Evening (7pm-12am),0.2K
December 04,Pentagon,Evening (7pm-12am),0.2K
December 04,North Bethesda,Evening (7pm-12am),0.2K
December 04,New Carrollton,Evening (7pm-12am),0.2K
December 04,Naylor Road,PM Peak (3pm-7pm),0.2K
December 04,Morgan Boulevard,Midday (9:30am-3pm),0.2K
December 04,McLean,Evening (7pm-12am),0.2K
December 04,Loudoun Gateway,AM Peak (Open-9:30am),0.2K
December 04,Innovation Center,PM Peak (3pm-7pm),0.2K
December 04,Innovation Center,Midday (9:30am-3pm),0.2K
December 04,Hyattsville Crossing,Evening (7pm-12am),0.2K
December 04,Herndon,Midday (9:30am-3pm),0.2K
December 04,Grosvenor-Strathmore,Evening (7pm-12am),0.2K
December 04,Greensboro,Midday (9:30am-3pm),0.2K
December 04,Greenbelt,Evening (7pm-12am),0.2K
December 04,Forest Glen,PM Peak (3pm-7pm),0.2K
December 04,Federal Center SW,Evening (7pm-12am),0.2K
December 04,Federal Center SW,AM Peak (Open-9:30am),0.2K
December 04,College Park-U of Md,Evening (7pm-12am),0.2K
December 04,Cheverly,Midday (9:30am-3pm),0.2K
December 04,Branch Ave,PM Peak (3pm-7pm),0.2K
December 04,Ashburn,PM Peak (3pm-7pm),0.2K
December 04,Ashburn,Midday (9:30am-3pm),0.2K
December 04,Archives,AM Peak (Open-9:30am),0.2K
December 04,Addison Road,PM Peak (3pm-7pm),0.2K
September 4,Wheaton,Evening (7pm-12am),0.2K
September 4,Virginia Sq-GMU,Evening (7pm-12am),0.2K
September 4,Vienna,Evening (7pm-12am),0.2K
September 4,Twinbrook,Evening (7pm-12am),0.2K
September 4,Stadium-Armory,Evening (7pm-12am),0.2K
September 4,Southern Ave,Evening (7pm-12am),0.2K
September 4,Shady Grove,Evening (7pm-12am),0.2K
September 4,Rockville,Evening (7pm-12am),0.2K
September 4,Potomac Ave,Evening (7pm-12am),0.2K
September 4,North Bethesda,Evening (7pm-12am),0.2K
September 4,New Carrollton,Evening (7pm-12am),0.2K
September 4,Minnesota Ave,Evening (7pm-12am),0.2K
September 4,McLean,Evening (7pm-12am),0.2K
September 4,Greenbelt,Evening (7pm-12am),0.2K
September 4,Franconia-Springfield,Evening (7pm-12am),0.2K
September 4,Federal Center SW,Evening (7pm-12am),0.2K
September 4,East Falls Church,Evening (7pm-12am),0.2K
September 4,College Park-U of Md,Evening (7pm-12am),0.2K
September 4,West Falls Church,PM Peak (3pm-7pm),0.2K
September 4,Van Dorn Street,PM Peak (3pm-7pm),0.2K
September 4,Naylor Road,PM Peak (3pm-7pm),0.2K
September 4,Morgan Boulevard,PM Peak (3pm-7pm),0.2K
September 4,Herndon,PM Peak (3pm-7pm),0.2K
September 4,Forest Glen,PM Peak (3pm-7pm),0.2K
September 4,Deanwood,PM Peak (3pm-7pm),0.2K
September 4,Capitol Heights,PM Peak (3pm-7pm),0.2K
September 4,Ashburn,PM Peak (3pm-7pm),0.2K
September 4,Addison Road,PM Peak (3pm-7pm),0.2K
September 4,Spring Hill,Midday (9:30am-3pm),0.2K
September 4,Reston Town Center,Midday (9:30am-3pm),0.2K
September 4,Morgan Boulevard,Midday (9:30am-3pm),0.2K
September 4,Landover,Midday (9:30am-3pm),0.2K
September 4,Innovation Center,Midday (9:30am-3pm),0.2K
September 4,Herndon,Midday (9:30am-3pm),0.2K
September 4,Greensboro,Midday (9:30am-3pm),0.2K
September 4,Forest Glen,Midday (9:30am-3pm),0.2K
September 4,Cheverly,Midday (9:30am-3pm),0.2K
September 4,Spring Hill,AM Peak (Open-9:30am),0.2K
September 4,Smithsonian,AM Peak (Open-9:30am),0.2K
September 4,Loudoun Gateway,AM Peak (Open-9:30am),0.2K
September 4,Federal Center SW,AM Peak (Open-9:30am),0.2K
June 5,West Falls Church,PM Peak (3pm-7pm),0.2K
June 5,Virginia Sq-GMU,Evening (7pm-12am),0.2K
June 5,Vienna,Evening (7pm-12am),0.2K
June 5,Van Ness-UDC,Evening (7pm-12am),0.2K
June 5,Twinbrook,Evening (7pm-12am),0.2K
June 5,Suitland,Evening (7pm-12am),0.2K
June 5,Stadium-Armory,Evening (7pm-12am),0.2K
June 5,Spring Hill,Midday (9:30am-3pm),0.2K
June 5,Southern Ave,Evening (7pm-12am),0.2K
June 5,Smithsonian,AM Peak (Open-9:30am),0.2K
June 5,Shady Grove,Evening (7pm-12am),0.2K
June 5,Rockville,Evening (7pm-12am),0.2K
June 5,Reston Town Center,Midday (9:30am-3pm),0.2K
June 5,Potomac Ave,Evening (7pm-12am),0.2K
June 5,North Bethesda,Evening (7pm-12am),0.2K
June 5,New Carrollton,Evening (7pm-12am),0.2K
June 5,Naylor Road,PM Peak (3pm-7pm),0.2K
June 5,Morgan Boulevard,PM Peak (3pm-7pm),0.2K
June 5,Morgan Boulevard,Midday (9:30am-3pm),0.2K
June 5,Medical Center,Evening (7pm-12am),0.2K
June 5,Loudoun Gateway,AM Peak (Open-9:30am),0.2K
June 5,Landover,Midday (9:30am-3pm),0.2K
June 5,Innovation Center,Midday (9:30am-3pm),0.2K
June 5,Herndon,PM Peak (3pm-7pm),0.2K
June 5,Herndon,Midday (9:30am-3pm),0.2K
June 5,Greensboro,Evening (7pm-12am),0.2K
June 5,Greensboro,Midday (9:30am-3pm),0.2K
June 5,Greenbelt,Evening (7pm-12am),0.2K
June 5,Franconia-Springfield,Evening (7pm-12am),0.2K
June 5,Federal Center SW,Evening (7pm-12am),0.2K
June 5,Deanwood,PM Peak (3pm-7pm),0.2K
June 5,College Park-U of Md,Evening (7pm-12am),0.2K
June 5,Cheverly,Midday (9:30am-3pm),0.2K
June 5,Capitol Heights,PM Peak (3pm-7pm),0.2K
June 5,Braddock Road,Evening (7pm-12am),0.2K
June 5,Ashburn,PM Peak (3pm-7pm),0.2K
June 5,Archives,AM Peak (Open-9:30am),0.2K
June 5,Addison Road,PM Peak (3pm-7pm),0.2K
March 6,Wheaton,Evening (7pm-12am),0.2K
March 6,West Falls Church,PM Peak (3pm-7pm),0.2K
March 6,Van Dorn Street,PM Peak (3pm-7pm),0.2K
March 6,Takoma,Evening (7pm-12am),0.2K
March 6,Stadium-Armory,Evening (7pm-12am),0.2K
March 6,Spring Hill,PM Peak (3pm-7pm),0.2K
March 6,Spring Hill,Midday (9:30am-3pm),0.2K
March 6,Spring Hill,AM Peak (Open-9:30am),0.2K
March 6,Southern Ave,Evening (7pm-12am),0.2K
March 6,Smithsonian,AM Peak (Open-9:30am),0.2K
March 6,Shady Grove,Evening (7pm-12am),0.2K
March 6,Rockville,Evening (7pm-12am),0.2K
March 6,Reston Town Center,Midday (9:30am-3pm),0.2K
March 6,Potomac Ave,Evening (7pm-12am),0.2K
March 6,North Bethesda,Evening (7pm-12am),0.2K
March 6,New Carrollton,Evening (7pm-12am),0.2K
March 6,Naylor Road,PM Peak (3pm-7pm),0.2K
March 6,Morgan Boulevard,PM Peak (3pm-7pm),0.2K
March 6,Morgan Boulevard,Midday (9:30am-3pm),0.2K
March 6,Minnesota Ave,Evening (7pm-12am),0.2K
March 6,McLean,Evening (7pm-12am),0.2K
March 6,Loudoun Gateway,AM Peak (Open-9:30am),0.2K
March 6,Landover,Midday (9:30am-3pm),0.2K
March 6,Innovation Center,PM Peak (3pm-7pm),0.2K
March 6,Innovation Center,Midday (9:30am-3pm),0.2K
March 6,Herndon,PM Peak (3pm-7pm),0.2K
March 6,Herndon,Midday (9:30am-3pm),0.2K
March 6,Greensboro,Midday (9:30am-3pm),0.2K
March 6,Greenbelt,Evening (7pm-12am),0.2K
March 6,Forest Glen,PM Peak (3pm-7pm),0.2K
March 6,Federal Center SW,Evening (7pm-12am),0.2K
March 6,Dulles Airport,AM Peak (Open-9:30am),0.2K
March 6,College Park-U of Md,Evening (7pm-12am),0.2K
March 6,Capitol Heights,PM Peak (3pm-7pm),0.2K
March 6,Benning Road,Evening (7pm-12am),0.2K
March 6,Ashburn,PM Peak (3pm-7pm),0.2K
March 6,Arlington Cemetery,PM Peak (3pm-7pm),0.2K
March 6,Archives,AM Peak (Open-9:30am),0.2K
March 6,Anacostia,Evening (7pm-12am),0.2K
March 6,Addison Road,PM Peak (3pm-7pm),0.2K
December 04,Wiehle-Reston East,Evening (7pm-12am),0.1K
December 04,West Hyattsville,Evening (7pm-12am),0.1K
December 04,Van Ness-UDC,Late Night (12am-Close),0.1K
December 04,Van Dorn Street,Evening (7pm-12am),0.1K
December 04,Twinbrook,Evening (7pm-12am),0.1K
December 04,Suitland,Evening (7pm-12am),0.1K
December 04,Stadium-Armory,Evening (7pm-12am),0.1K
December 04,Spring Hill,Evening (7pm-12am),0.1K
December 04,Southern Ave,Evening (7pm-12am),0.1K
December 04,Reston Town Center,Evening (7pm-12am),0.1K
December 04,Potomac Yard,Evening (7pm-12am),0.1K
December 04,Naylor Road,Evening (7pm-12am),0.1K
December 04,Morgan Boulevard,PM Peak (3pm-7pm),0.1K
December 04,Minnesota Ave,Evening (7pm-12am),0.1K
December 04,Loudoun Gateway,PM Peak (3pm-7pm),0.1K
December 04,Loudoun Gateway,Midday (9:30am-3pm),0.1K
December 04,Landover,PM Peak (3pm-7pm),0.1K
December 04,L'Enfant Plaza,Late Night (12am-Close),0.1K
December 04,Huntington,Evening (7pm-12am),0.1K
December 04,Herndon,PM Peak (3pm-7pm),0.1K
December 04,Greensboro,Evening (7pm-12am),0.1K
December 04,Glenmont,Evening (7pm-12am),0.1K
December 04,Franconia-Springfield,Evening (7pm-12am),0.1K
December 04,Forest Glen,Evening (7pm-12am),0.1K
December 04,Federal Triangle,AM Peak (Open-9:30am),0.1K
December 04,Eisenhower Ave,Evening (7pm-12am),0.1K
December 04,East Falls Church,Evening (7pm-12am),0.1K
December 04,Dunn Loring,Evening (7pm-12am),0.1K
December 04,Downtown Largo,Evening (7pm-12am),0.1K
December 04,Deanwood,Evening (7pm-12am),0.1K
December 04,Congress Heights,Evening (7pm-12am),0.1K
December 04,Cheverly,PM Peak (3pm-7pm),0.1K
December 04,Capitol Heights,Evening (7pm-12am),0.1K
December 04,Branch Ave,Evening (7pm-12am),0.1K
December 04,Braddock Road,Evening (7pm-12am),0.1K
December 04,Benning Road,Evening (7pm-12am),0.1K
December 04,Arlington Cemetery,PM Peak (3pm-7pm),0.1K
December 04,Arlington Cemetery,Midday (9:30am-3pm),0.1K
December 04,Addison Road,Evening (7pm-12am),0.1K
September 4,Wiehle-Reston East,Evening (7pm-12am),0.1K
September 4,West Hyattsville,Evening (7pm-12am),0.1K
September 4,West Falls Church,Evening (7pm-12am),0.1K
September 4,Van Dorn Street,Evening (7pm-12am),0.1K
September 4,Suitland,Evening (7pm-12am),0.1K
September 4,Spring Hill,Evening (7pm-12am),0.1K
September 4,Reston Town Center,Evening (7pm-12am),0.1K
September 4,Potomac Yard,Evening (7pm-12am),0.1K
September 4,Naylor Road,Evening (7pm-12am),0.1K
September 4,Landover,Evening (7pm-12am),0.1K
September 4,Innovation Center,Evening (7pm-12am),0.1K
September 4,Huntington,Evening (7pm-12am),0.1K
September 4,Grosvenor-Strathmore,Evening (7pm-12am),0.1K
September 4,Greensboro,Evening (7pm-12am),0.1K
September 4,Glenmont,Evening (7pm-12am),0.1K
September 4,Forest Glen,Evening (7pm-12am),0.1K
September 4,Eisenhower Ave,Evening (7pm-12am),0.1K
September 4,Dunn Loring,Evening (7pm-12am),0.1K
September 4,Downtown Largo,Evening (7pm-12am),0.1K
September 4,Deanwood,Evening (7pm-12am),0.1K
September 4,Congress Heights,Evening (7pm-12am),0.1K
September 4,Capitol Heights,Evening (7pm-12am),0.1K
September 4,Branch Ave,Evening (7pm-12am),0.1K
September 4,Braddock Road,Evening (7pm-12am),0.1K
September 4,Benning Road,Evening (7pm-12am),0.1K
September 4,Ashburn,Evening (7pm-12am),0.1K
September 4,Addison Road,Evening (7pm-12am),0.1K
September 4,Loudoun Gateway,PM Peak (3pm-7pm),0.1K
September 4,Landover,PM Peak (3pm-7pm),0.1K
September 4,Cheverly,PM Peak (3pm-7pm),0.1K
September 4,Loudoun Gateway,Midday (9:30am-3pm),0.1K
September 4,Federal Triangle,AM Peak (Open-9:30am),0.1K
June 5,Wiehle-Reston East,Evening (7pm-12am),0.1K
June 5,West Hyattsville,Evening (7pm-12am),0.1K
June 5,West Falls Church,Evening (7pm-12am),0.1K
June 5,Van Dorn Street,Evening (7pm-12am),0.1K
June 5,Spring Hill,Evening (7pm-12am),0.1K
June 5,Reston Town Center,Evening (7pm-12am),0.1K
June 5,Potomac Yard,Evening (7pm-12am),0.1K
June 5,Naylor Road,Evening (7pm-12am),0.1K
June 5,Morgan Boulevard,Evening (7pm-12am),0.1K
June 5,Minnesota Ave,Evening (7pm-12am),0.1K
June 5,Loudoun Gateway,PM Peak (3pm-7pm),0.1K
June 5,Loudoun Gateway,Midday (9:30am-3pm),0.1K
June 5,Landover,Evening (7pm-12am),0.1K
June 5,Landover,PM Peak (3pm-7pm),0.1K
June 5,Innovation Center,Evening (7pm-12am),0.1K
June 5,Huntington,Evening (7pm-12am),0.1K
June 5,Grosvenor-Strathmore,Evening (7pm-12am),0.1K
June 5,Fort Totten,Late Night (12am-Close),0.1K
June 5,Forest Glen,Midday (9:30am-3pm),0.1K
June 5,Forest Glen,AM Peak (Open-9:30am),0.1K
June 5,Federal Triangle,AM Peak (Open-9:30am),0.1K
June 5,Eisenhower Ave,Evening (7pm-12am),0.1K
June 5,East Falls Church,Evening (7pm-12am),0.1K
June 5,Dunn Loring,Evening (7pm-12am),0.1K
June 5,Downtown Largo,Evening (7pm-12am),0.1K
June 5,Deanwood,Evening (7pm-12am),0.1K
June 5,Congress Heights,Evening (7pm-12am),0.1K
June 5,Cheverly,PM Peak (3pm-7pm),0.1K
June 5,Capitol Heights,Evening (7pm-12am),0.1K
June 5,Branch Ave,Evening (7pm-12am),0.1K
June 5,Benning Road,Evening (7pm-12am),0.1K
June 5,Ashburn,Evening (7pm-12am),0.1K
June 5,Arlington Cemetery,AM Peak (Open-9:30am),0.1K
June 5,Addison Road,Evening (7pm-12am),0.1K
March 6,Wiehle-Reston East,Evening (7pm-12am),0.1K
March 6,West Hyattsville,Evening (7pm-12am),0.1K
March 6,Virginia Sq-GMU,Evening (7pm-12am),0.1K
March 6,Vienna,Evening (7pm-12am),0.1K
March 6,Van Dorn Street,Evening (7pm-12am),0.1K
March 6,Twinbrook,Evening (7pm-12am),0.1K
March 6,Suitland,Evening (7pm-12am),0.1K
March 6,Spring Hill,Evening (7pm-12am),0.1K
March 6,Ronald Reagan Washington National Airport,Late Night (12am-Close),0.1K
March 6,Reston Town Center,Evening (7pm-12am),0.1K
March 6,Potomac Yard,Evening (7pm-12am),0.1K
March 6,Naylor Road,Evening (7pm-12am),0.1K
March 6,Loudoun Gateway,PM Peak (3pm-7pm),0.1K
March 6,Landover,Evening (7pm-12am),0.1K
March 6,Landover,PM Peak (3pm-7pm),0.1K
March 6,L'Enfant Plaza,Late Night (12am-Close),0.1K
March 6,Huntington,Evening (7pm-12am),0.1K
March 6,Grosvenor-Strathmore,Evening (7pm-12am),0.1K
March 6,Greensboro,Evening (7pm-12am),0.1K
March 6,Glenmont,Evening (7pm-12am),0.1K
March 6,Franconia-Springfield,Evening (7pm-12am),0.1K
March 6,Federal Triangle,AM Peak (Open-9:30am),0.1K
March 6,Eisenhower Ave,Evening (7pm-12am),0.1K
March 6,East Falls Church,Evening (7pm-12am),0.1K
March 6,Dunn Loring,Evening (7pm-12am),0.1K
March 6,Downtown Largo,Evening (7pm-12am),0.1K
March 6,Deanwood,Evening (7pm-12am),0.1K
March 6,Congress Heights,Evening (7pm-12am),0.1K
March 6,Cheverly,PM Peak (3pm-7pm),0.1K
March 6,Cheverly,Midday (9:30am-3pm),0.1K
March 6,Capitol Heights,Evening (7pm-12am),0.1K
March 6,Branch Ave,Evening (7pm-12am),0.1K
March 6,Braddock Road,Evening (7pm-12am),0.1K
March 6,Addison Road,Evening (7pm-12am),0.1K
December 04,Woodley Park,Late Night (12am-Close),0.0K
December 04,Wiehle-Reston East,Late Night (12am-Close),0.0K
December 04,Wheaton,Late Night (12am-Close),0.0K
December 04,West Hyattsville,Late Night (12am-Close),0.0K
December 04,West Falls Church,Late Night (12am-Close),0.0K
December 04,West Falls Church,Evening (7pm-12am),0.0K
December 04,Waterfront,Late Night (12am-Close),0.0K
December 04,Virginia Sq-GMU,Late Night (12am-Close),0.0K
December 04,Vienna,Late Night (12am-Close),0.0K
December 04,Van Dorn Street,Late Night (12am-Close),0.0K
December 04,Union Station,Late Night (12am-Close),0.0K
December 04,U Street,Late Night (12am-Close),0.0K
December 04,Tysons,Late Night (12am-Close),0.0K
December 04,Twinbrook,Late Night (12am-Close),0.0K
December 04,Tenleytown-AU,Late Night (12am-Close),0.0K
December 04,Takoma,Late Night (12am-Close),0.0K
December 04,Suitland,Late Night (12am-Close),0.0K
December 04,Stadium-Armory,Late Night (12am-Close),0.0K
December 04,Spring Hill,Late Night (12am-Close),0.0K
December 04,Southern Ave,Late Night (12am-Close),0.0K
December 04,Smithsonian,Late Night (12am-Close),0.0K
December 04,Silver Spring,Late Night (12am-Close),0.0K
December 04,Shaw-Howard U,Late Night (12am-Close),0.0K
December 04,Shady Grove,Late Night (12am-Close),0.0K
December 04,Rosslyn,Late Night (12am-Close),0.0K
December 04,Ronald Reagan Washington National Airport,Late Night (12am-Close),0.0K
December 04,Rockville,Late Night (12am-Close),0.0K
December 04,Rhode Island Ave,Late Night (12am-Close),0.0K
December 04,Reston Town Center,Late Night (12am-Close),0.0K
December 04,Potomac Yard,Late Night (12am-Close),0.0K
December 04,Potomac Ave,Late Night (12am-Close),0.0K
December 04,Pentagon City,Late Night (12am-Close),0.0K
December 04,Pentagon,Late Night (12am-Close),0.0K
December 04,North Bethesda,Late Night (12am-Close),0.0K
December 04,NoMa-Gallaudet U,Late Night (12am-Close),0.0K
December 04,New Carrollton,Late Night (12am-Close),0.0K
December 04,Naylor Road,Late Night (12am-Close),0.0K
December 04,Navy Yard-Ballpark,Late Night (12am-Close),0.0K
December 04,Mt Vernon Sq,Late Night (12am-Close),0.0K
December 04,Morgan Boulevard,Late Night (12am-Close),0.0K
December 04,Morgan Boulevard,Evening (7pm-12am),0.0K
December 04,Minnesota Ave,Late Night (12am-Close),0.0K
December 04,Metro Center,Late Night (12am-Close),0.0K
December 04,Medical Center,Late Night (12am-Close),0.0K
December 04,McPherson Sq,Late Night (12am-Close),0.0K
December 04,McLean,Late Night (12am-Close),0.0K
December 04,Loudoun Gateway,Late Night (12am-Close),0.0K
December 04,Loudoun Gateway,Evening (7pm-12am),0.0K
December 04,Landover,Late Night (12am-Close),0.0K
December 04,Landover,Evening (7pm-12am),0.0K
December 04,King St-Old Town,Late Night (12am-Close),0.0K
December 04,Judiciary Square,Late Night (12am-Close),0.0K
December 04,Innovation Center,Late Night (12am-Close),0.0K
December 04,Innovation Center,Evening (7pm-12am),0.0K
December 04,Hyattsville Crossing,Late Night (12am-Close),0.0K
December 04,Huntington,Late Night (12am-Close),0.0K
December 04,Herndon,Late Night (12am-Close),0.0K
December 04,Herndon,Evening (7pm-12am),0.0K
December 04,Grosvenor-Strathmore,Late Night (12am-Close),0.0K
December 04,Greensboro,Late Night (12am-Close),0.0K
December 04,Greenbelt,Late Night (12am-Close),0.0K
December 04,Glenmont,Late Night (12am-Close),0.0K
December 04,Georgia Ave-Petworth,Late Night (12am-Close),0.0K
December 04,Gallery Place,Late Night (12am-Close),0.0K
December 04,Friendship Heights,Late Night (12am-Close),0.0K
December 04,Franconia-Springfield,Late Night (12am-Close),0.0K
December 04,Fort Totten,Late Night (12am-Close),0.0K
December 04,Forest Glen,Late Night (12am-Close),0.0K
December 04,Foggy Bottom-GWU,Late Night (12am-Close),0.0K
December 04,Federal Triangle,Late Night (12am-Close),0.0K
December 04,Federal Center SW,Late Night (12am-Close),0.0K
December 04,Farragut West,Late Night (12am-Close),0.0K
December 04,Farragut North,Late Night (12am-Close),0.0K
December 04,Eisenhower Ave,Late Night (12am-Close),0.0K
December 04,Eastern Market,Late Night (12am-Close),0.0K
December 04,East Falls Church,Late Night (12am-Close),0.0K
December 04,Dupont Circle,Late Night (12am-Close),0.0K
December 04,Dunn Loring,Late Night (12am-Close),0.0K
December 04,Dulles Airport,Late Night (12am-Close),0.0K
December 04,Downtown Largo,Late Night (12am-Close),0.0K
December 04,Deanwood,Late Night (12am-Close),0.0K
December 04,Crystal City,Late Night (12am-Close),0.0K
December 04,Court House,Late Night (12am-Close),0.0K
December 04,Congress Heights,Late Night (12am-Close),0.0K
December 04,Columbia Heights,Late Night (12am-Close),0.0K
December 04,College Park-U of Md,Late Night (12am-Close),0.0K
December 04,Cleveland Park,Late Night (12am-Close),0.0K
December 04,Clarendon,Late Night (12am-Close),0.0K
December 04,Cheverly,Late Night (12am-Close),0.0K
December 04,Cheverly,Evening (7pm-12am),0.0K
December 04,Capitol South,Late Night (12am-Close),0.0K
December 04,Capitol Heights,Late Night (12am-Close),0.0K
December 04,Brookland-CUA,Late Night (12am-Close),0.0K
December 04,Branch Ave,Late Night (12am-Close),0.0K
December 04,Braddock Road,Late Night (12am-Close),0.0K
December 04,Bethesda,Late Night (12am-Close),0.0K
December 04,Benning Road,Late Night (12am-Close),0.0K
December 04,Ballston-MU,Late Night (12am-Close),0.0K
December 04,Ashburn,Late Night (12am-Close),0.0K
December 04,Ashburn,Evening (7pm-12am),0.0K
December 04,Arlington Cemetery,Late Night (12am-Close),0.0K
December 04,Arlington Cemetery,Evening (7pm-12am),0.0K
December 04,Arlington Cemetery,AM Peak (Open-9:30am),0.0K
December 04,Archives,Late Night (12am-Close),0.0K
December 04,Anacostia,Late Night (12am-Close),0.0K
December 04,Addison Road,Late Night (12am-Close),0.0K
September 4,Woodley Park,Late Night (12am-Close),0.0K
September 4,Wiehle-Reston East,Late Night (12am-Close),0.0K
September 4,Wheaton,Late Night (12am-Close),0.0K
September 4,West Hyattsville,Late Night (12am-Close),0.0K
September 4,West Falls Church,Late Night (12am-Close),0.0K
September 4,Waterfront,Late Night (12am-Close),0.0K
September 4,Virginia Sq-GMU,Late Night (12am-Close),0.0K
September 4,Vienna,Late Night (12am-Close),0.0K
September 4,Van Ness-UDC,Late Night (12am-Close),0.0K
September 4,Van Dorn Street,Late Night (12am-Close),0.0K
September 4,Union Station,Late Night (12am-Close),0.0K
September 4,U Street,Late Night (12am-Close),0.0K
September 4,Tysons,Late Night (12am-Close),0.0K
September 4,Twinbrook,Late Night (12am-Close),0.0K
September 4,Tenleytown-AU,Late Night (12am-Close),0.0K
September 4,Takoma,Late Night (12am-Close),0.0K
September 4,Suitland,Late Night (12am-Close),0.0K
September 4,Stadium-Armory,Late Night (12am-Close),0.0K
September 4,Spring Hill,Late Night (12am-Close),0.0K
September 4,Southern Ave,Late Night (12am-Close),0.0K
September 4,Smithsonian,Late Night (12am-Close),0.0K
September 4,Silver Spring,Late Night (12am-Close),0.0K
September 4,Shaw-Howard U,Late Night (12am-Close),0.0K
September 4,Shady Grove,Late Night (12am-Close),0.0K
September 4,Rosslyn,Late Night (12am-Close),0.0K
September 4,Ronald Reagan Washington National Airport,Late Night (12am-Close),0.0K
September 4,Rockville,Late Night (12am-Close),0.0K
September 4,Rhode Island Ave,Late Night (12am-Close),0.0K
September 4,Reston Town Center,Late Night (12am-Close),0.0K
September 4,Potomac Yard,Late Night (12am-Close),0.0K
September 4,Potomac Ave,Late Night (12am-Close),0.0K
September 4,Pentagon City,Late Night (12am-Close),0.0K
September 4,Pentagon,Late Night (12am-Close),0.0K
September 4,North Bethesda,Late Night (12am-Close),0.0K
September 4,NoMa-Gallaudet U,Late Night (12am-Close),0.0K
September 4,New Carrollton,Late Night (12am-Close),0.0K
September 4,Naylor Road,Late Night (12am-Close),0.0K
September 4,Navy Yard-Ballpark,Late Night (12am-Close),0.0K
September 4,Mt Vernon Sq,Late Night (12am-Close),0.0K
September 4,Morgan Boulevard,Late Night (12am-Close),0.0K
September 4,Minnesota Ave,Late Night (12am-Close),0.0K
September 4,Metro Center,Late Night (12am-Close),0.0K
September 4,Medical Center,Late Night (12am-Close),0.0K
September 4,McPherson Sq,Late Night (12am-Close),0.0K
September 4,McLean,Late Night (12am-Close),0.0K
September 4,Loudoun Gateway,Late Night (12am-Close),0.0K
September 4,Landover,Late Night (12am-Close),0.0K
September 4,L'Enfant Plaza,Late Night (12am-Close),0.0K
September 4,King St-Old Town,Late Night (12am-Close),0.0K
September 4,Judiciary Square,Late Night (12am-Close),0.0K
September 4,Innovation Center,Late Night (12am-Close),0.0K
September 4,Hyattsville Crossing,Late Night (12am-Close),0.0K
September 4,Huntington,Late Night (12am-Close),0.0K
September 4,Herndon,Late Night (12am-Close),0.0K
September 4,Grosvenor-Strathmore,Late Night (12am-Close),0.0K
September 4,Greensboro,Late Night (12am-Close),0.0K
September 4,Greenbelt,Late Night (12am-Close),0.0K
September 4,Glenmont,Late Night (12am-Close),0.0K
September 4,Georgia Ave-Petworth,Late Night (12am-Close),0.0K
September 4,Gallery Place,Late Night (12am-Close),0.0K
September 4,Friendship Heights,Late Night (12am-Close),0.0K
September 4,Franconia-Springfield,Late Night (12am-Close),0.0K
September 4,Fort Totten,Late Night (12am-Close),0.0K
September 4,Forest Glen,Late Night (12am-Close),0.0K
September 4,Foggy Bottom-GWU,Late Night (12am-Close),0.0K
September 4,Federal Triangle,Late Night (12am-Close),0.0K
September 4,Federal Center SW,Late Night (12am-Close),0.0K
September 4,Farragut West,Late Night (12am-Close),0.0K
September 4,Farragut North,Late Night (12am-Close),0.0K
September 4,Eisenhower Ave,Late Night (12am-Close),0.0K
September 4,Eastern Market,Late Night (12am-Close),0.0K
September 4,East Falls Church,Late Night (12am-Close),0.0K
September 4,Dupont Circle,Late Night (12am-Close),0.0K
September 4,Dunn Loring,Late Night (12am-Close),0.0K
September 4,Dulles Airport,Late Night (12am-Close),0.0K
September 4,Downtown Largo,Late Night (12am-Close),0.0K
September 4,Deanwood,Late Night (12am-Close),0.0K
September 4,Crystal City,Late Night (12am-Close),0.0K
September 4,Court House,Late Night (12am-Close),0.0K
September 4,Congress Heights,Late Night (12am-Close),0.0K
September 4,Columbia Heights,Late Night (12am-Close),0.0K
September 4,College Park-U of Md,Late Night (12am-Close),0.0K
September 4,Cleveland Park,Late Night (12am-Close),0.0K
September 4,Clarendon,Late Night (12am-Close),0.0K
September 4,Cheverly,Late Night (12am-Close),0.0K
September 4,Capitol South,Late Night (12am-Close),0.0K
September 4,Capitol Heights,Late Night (12am-Close),0.0K
September 4,Brookland-CUA,Late Night (12am-Close),0.0K
September 4,Branch Ave,Late Night (12am-Close),0.0K
September 4,Braddock Road,Late Night (12am-Close),0.0K
September 4,Bethesda,Late Night (12am-Close),0.0K
September 4,Benning Road,Late Night (12am-Close),0.0K
September 4,Ballston-MU,Late Night (12am-Close),0.0K
September 4,Ashburn,Late Night (12am-Close),0.0K
September 4,Arlington Cemetery,Late Night (12am-Close),0.0K
September 4,Archives,Late Night (12am-Close),0.0K
September 4,Anacostia,Late Night (12am-Close),0.0K
September 4,Addison Road,Late Night (12am-Close),0.0K
September 4,Morgan Boulevard,Evening (7pm-12am),0.0K
September 4,Loudoun Gateway,Evening (7pm-12am),0.0K
September 4,Herndon,Evening (7pm-12am),0.0K
September 4,Cheverly,Evening (7pm-12am),0.0K
September 4,Arlington Cemetery,Evening (7pm-12am),0.0K
September 4,Arlington Cemetery,AM Peak (Open-9:30am),0.0K
June 5,Woodley Park,Late Night (12am-Close),0.0K
June 5,Wiehle-Reston East,Late Night (12am-Close),0.0K
June 5,West Hyattsville,Late Night (12am-Close),0.0K
June 5,West Falls Church,Late Night (12am-Close),0.0K
June 5,Waterfront,Late Night (12am-Close),0.0K
June 5,Virginia Sq-GMU,Late Night (12am-Close),0.0K
June 5,Vienna,Late Night (12am-Close),0.0K
June 5,Van Ness-UDC,Late Night (12am-Close),0.0K
June 5,Van Dorn Street,Late Night (12am-Close),0.0K
June 5,Union Station,Late Night (12am-Close),0.0K
June 5,U Street,Late Night (12am-Close),0.0K
June 5,Tysons,Late Night (12am-Close),0.0K
June 5,Twinbrook,Late Night (12am-Close),0.0K
June 5,Tenleytown-AU,Late Night (12am-Close),0.0K
June 5,Takoma,Late Night (12am-Close),0.0K
June 5,Takoma,Evening (7pm-12am),0.0K
June 5,Takoma,PM Peak (3pm-7pm),0.0K
June 5,Takoma,Midday (9:30am-3pm),0.0K
June 5,Takoma,AM Peak (Open-9:30am),0.0K
June 5,Suitland,Late Night (12am-Close),0.0K
June 5,Stadium-Armory,Late Night (12am-Close),0.0K
June 5,Spring Hill,Late Night (12am-Close),0.0K
June 5,Southern Ave,Late Night (12am-Close),0.0K
June 5,Smithsonian,Late Night (12am-Close),0.0K
June 5,Shaw-Howard U,Late Night (12am-Close),0.0K
June 5,Shady Grove,Late Night (12am-Close),0.0K
June 5,Rosslyn,Late Night (12am-Close),0.0K
June 5,Ronald Reagan Washington National Airport,Late Night (12am-Close),0.0K
June 5,Rockville,Late Night (12am-Close),0.0K
June 5,Rhode Island Ave,Late Night (12am-Close),0.0K
June 5,Reston Town Center,Late Night (12am-Close),0.0K
June 5,Potomac Yard,Late Night (12am-Close),0.0K
June 5,Potomac Ave,Late Night (12am-Close),0.0K
June 5,Pentagon City,Late Night (12am-Close),0.0K
June 5,Pentagon,Late Night (12am-Close),0.0K
June 5,North Bethesda,Late Night (12am-Close),0.0K
June 5,NoMa-Gallaudet U,Late Night (12am-Close),0.0K
June 5,New Carrollton,Late Night (12am-Close),0.0K
June 5,Naylor Road,Late Night (12am-Close),0.0K
June 5,Navy Yard-Ballpark,Late Night (12am-Close),0.0K
June 5,Mt Vernon Sq,Late Night (12am-Close),0.0K
June 5,Morgan Boulevard,Late Night (12am-Close),0.0K
June 5,Minnesota Ave,Late Night (12am-Close),0.0K
June 5,Metro Center,Late Night (12am-Close),0.0K
June 5,Medical Center,Late Night (12am-Close),0.0K
June 5,McPherson Sq,Late Night (12am-Close),0.0K
June 5,McLean,Late Night (12am-Close),0.0K
June 5,Loudoun Gateway,Late Night (12am-Close),0.0K
June 5,Loudoun Gateway,Evening (7pm-12am),0.0K
June 5,Landover,Late Night (12am-Close),0.0K
June 5,L'Enfant Plaza,Late Night (12am-Close),0.0K
June 5,King St-Old Town,Late Night (12am-Close),0.0K
June 5,Judiciary Square,Late Night (12am-Close),0.0K
June 5,Innovation Center,Late Night (12am-Close),0.0K
June 5,Hyattsville Crossing,Late Night (12am-Close),0.0K
June 5,Huntington,Late Night (12am-Close),0.0K
June 5,Herndon,Late Night (12am-Close),0.0K
June 5,Herndon,Evening (7pm-12am),0.0K
June 5,Grosvenor-Strathmore,Late Night (12am-Close),0.0K
June 5,Greensboro,Late Night (12am-Close),0.0K
June 5,Greenbelt,Late Night (12am-Close),0.0K
June 5,Glenmont,Late Night (12am-Close),0.0K
June 5,Glenmont,Evening (7pm-12am),0.0K
June 5,Glenmont,PM Peak (3pm-7pm),0.0K
June 5,Glenmont,Midday (9:30am-3pm),0.0K
June 5,Glenmont,AM Peak (Open-9:30am),0.0K
June 5,Georgia Ave-Petworth,Late Night (12am-Close),0.0K
June 5,Gallery Place,Late Night (12am-Close),0.0K
June 5,Friendship Heights,Late Night (12am-Close),0.0K
June 5,Franconia-Springfield,Late Night (12am-Close),0.0K
June 5,Forest Glen,Late Night (12am-Close),0.0K
June 5,Forest Glen,Evening (7pm-12am),0.0K
June 5,Forest Glen,PM Peak (3pm-7pm),0.0K
June 5,Foggy Bottom-GWU,Late Night (12am-Close),0.0K
June 5,Federal Triangle,Late Night (12am-Close),0.0K
June 5,Federal Center SW,Late Night (12am-Close),0.0K
June 5,Farragut West,Late Night (12am-Close),0.0K
June 5,Farragut North,Late Night (12am-Close),0.0K
June 5,Eisenhower Ave,Late Night (12am-Close),0.0K
June 5,Eastern Market,Late Night (12am-Close),0.0K
June 5,East Falls Church,Late Night (12am-Close),0.0K
June 5,Dupont Circle,Late Night (12am-Close),0.0K
June 5,Dunn Loring,Late Night (12am-Close),0.0K
June 5,Dulles Airport,Late Night (12am-Close),0.0K
June 5,Downtown Largo,Late Night (12am-Close),0.0K
June 5,Deanwood,Late Night (12am-Close),0.0K
June 5,Crystal City,Late Night (12am-Close),0.0K
June 5,Court House,Late Night (12am-Close),0.0K
June 5,Congress Heights,Late Night (12am-Close),0.0K
June 5,Columbia Heights,Late Night (12am-Close),0.0K
June 5,College Park-U of Md,Late Night (12am-Close),0.0K
June 5,Cleveland Park,Late Night (12am-Close),0.0K
June 5,Clarendon,Late Night (12am-Close),0.0K
June 5,Cheverly,Late Night (12am-Close),0.0K
June 5,Cheverly,Evening (7pm-12am),0.0K
June 5,Capitol South,Late Night (12am-Close),0.0K
June 5,Capitol Heights,Late Night (12am-Close),0.0K
June 5,Brookland-CUA,Late Night (12am-Close),0.0K
June 5,Branch Ave,Late Night (12am-Close),0.0K
June 5,Braddock Road,Late Night (12am-Close),0.0K
June 5,Bethesda,Late Night (12am-Close),0.0K
June 5,Benning Road,Late Night (12am-Close),0.0K
June 5,Ballston-MU,Late Night (12am-Close),0.0K
June 5,Ashburn,Late Night (12am-Close),0.0K
June 5,Arlington Cemetery,Late Night (12am-Close),0.0K
June 5,Arlington Cemetery,Evening (7pm-12am),0.0K
June 5,Archives,Late Night (12am-Close),0.0K
June 5,Anacostia,Late Night (12am-Close),0.0K
June 5,Addison Road,Late Night (12am-Close),0.0K
March 6,Woodley Park,Late Night (12am-Close),0.0K
March 6,Wiehle-Reston East,Late Night (12am-Close),0.0K
March 6,Wheaton,Late Night (12am-Close),0.0K
March 6,West Hyattsville,Late Night (12am-Close),0.0K
March 6,West Falls Church,Late Night (12am-Close),0.0K
March 6,West Falls Church,Evening (7pm-12am),0.0K
March 6,Waterfront,Late Night (12am-Close),0.0K
March 6,Virginia Sq-GMU,Late Night (12am-Close),0.0K
March 6,Vienna,Late Night (12am-Close),0.0K
March 6,Van Ness-UDC,Late Night (12am-Close),0.0K
March 6,Van Dorn Street,Late Night (12am-Close),0.0K
March 6,Union Station,Late Night (12am-Close),0.0K
March 6,U Street,Late Night (12am-Close),0.0K
March 6,Tysons,Late Night (12am-Close),0.0K
March 6,Twinbrook,Late Night (12am-Close),0.0K
March 6,Tenleytown-AU,Late Night (12am-Close),0.0K
March 6,Takoma,Late Night (12am-Close),0.0K
March 6,Suitland,Late Night (12am-Close),0.0K
March 6,Stadium-Armory,Late Night (12am-Close),0.0K
March 6,Spring Hill,Late Night (12am-Close),0.0K
March 6,Southern Ave,Late Night (12am-Close),0.0K
March 6,Smithsonian,Late Night (12am-Close),0.0K
March 6,Silver Spring,Late Night (12am-Close),0.0K
March 6,Shaw-Howard U,Late Night (12am-Close),0.0K
March 6,Shady Grove,Late Night (12am-Close),0.0K
March 6,Rosslyn,Late Night (12am-Close),0.0K
March 6,Rockville,Late Night (12am-Close),0.0K
March 6,Rhode Island Ave,Late Night (12am-Close),0.0K
March 6,Reston Town Center,Late Night (12am-Close),0.0K
March 6,Potomac Yard,Late Night (12am-Close),0.0K
March 6,Potomac Ave,Late Night (12am-Close),0.0K
March 6,Pentagon City,Late Night (12am-Close),0.0K
March 6,Pentagon,Late Night (12am-Close),0.0K
March 6,North Bethesda,Late Night (12am-Close),0.0K
March 6,NoMa-Gallaudet U,Late Night (12am-Close),0.0K
March 6,New Carrollton,Late Night (12am-Close),0.0K
March 6,Naylor Road,Late Night (12am-Close),0.0K
March 6,Navy Yard-Ballpark,Late Night (12am-Close),0.0K
March 6,Mt Vernon Sq,Late Night (12am-Close),0.0K
March 6,Morgan Boulevard,Late Night (12am-Close),0.0K
March 6,Morgan Boulevard,Evening (7pm-12am),0.0K
March 6,Minnesota Ave,Late Night (12am-Close),0.0K
March 6,Metro Center,Late Night (12am-Close),0.0K
March 6,Medical Center,Late Night (12am-Close),0.0K
March 6,McPherson Sq,Late Night (12am-Close),0.0K
March 6,McLean,Late Night (12am-Close),0.0K
March 6,Loudoun Gateway,Late Night (12am-Close),0.0K
March 6,Loudoun Gateway,Evening (7pm-12am),0.0K
March 6,Loudoun Gateway,Midday (9:30am-3pm),0.0K
March 6,Landover,Late Night (12am-Close),0.0K
March 6,King St-Old Town,Late Night (12am-Close),0.0K
March 6,Judiciary Square,Late Night (12am-Close),0.0K
March 6,Innovation Center,Late Night (12am-Close),0.0K
March 6,Innovation Center,Evening (7pm-12am),0.0K
March 6,Hyattsville Crossing,Late Night (12am-Close),0.0K
March 6,Huntington,Late Night (12am-Close),0.0K
March 6,Herndon,Late Night (12am-Close),0.0K
March 6,Herndon,Evening (7pm-12am),0.0K
March 6,Grosvenor-Strathmore,Late Night (12am-Close),0.0K
March 6,Greensboro,Late Night (12am-Close),0.0K
March 6,Greenbelt,Late Night (12am-Close),0.0K
March 6,Glenmont,Late Night (12am-Close),0.0K
March 6,Georgia Ave-Petworth,Late Night (12am-Close),0.0K
March 6,Gallery Place,Late Night (12am-Close),0.0K
March 6,Friendship Heights,Late Night (12am-Close),0.0K
March 6,Franconia-Springfield,Late Night (12am-Close),0.0K
March 6,Fort Totten,Late Night (12am-Close),0.0K
March 6,Forest Glen,Late Night (12am-Close),0.0K
March 6,Forest Glen,Evening (7pm-12am),0.0K
March 6,Foggy Bottom-GWU,Late Night (12am-Close),0.0K
March 6,Federal Triangle,Late Night (12am-Close),0.0K
March 6,Federal Center SW,Late Night (12am-Close),0.0K
March 6,Farragut West,Late Night (12am-Close),0.0K
March 6,Farragut North,Late Night (12am-Close),0.0K
March 6,Eisenhower Ave,Late Night (12am-Close),0.0K
March 6,Eastern Market,Late Night (12am-Close),0.0K
March 6,East Falls Church,Late Night (12am-Close),0.0K
March 6,Dupont Circle,Late Night (12am-Close),0.0K
March 6,Dunn Loring,Late Night (12am-Close),0.0K
March 6,Dulles Airport,Late Night (12am-Close),0.0K
March 6,Downtown Largo,Late Night (12am-Close),0.0K
March 6,Deanwood,Late Night (12am-Close),0.0K
March 6,Crystal City,Late Night (12am-Close),0.0K
March 6,Court House,Late Night (12am-Close),0.0K
March 6,Congress Heights,Late Night (12am-Close),0.0K
March 6,Columbia Heights,Late Night (12am-Close),0.0K
March 6,College Park-U of Md,Late Night (12am-Close),0.0K
March 6,Cleveland Park,Late Night (12am-Close),0.0K
March 6,Clarendon,Late Night (12am-Close),0.0K
March 6,Cheverly,Late Night (12am-Close),0.0K
March 6,Cheverly,Evening (7pm-12am),0.0K
March 6,Capitol South,Late Night (12am-Close),0.0K
March 6,Capitol Heights,Late Night (12am-Close),0.0K
March 6,Brookland-CUA,Late Night (12am-Close),0.0K
March 6,Branch Ave,Late Night (12am-Close),0.0K
March 6,Braddock Road,Late Night (12am-Close),0.0K
March 6,Bethesda,Late Night (12am-Close),0.0K
March 6,Benning Road,Late Night (12am-Close),0.0K
March 6,Ballston-MU,Late Night (12am-Close),0.0K
March 6,Ashburn,Late Night (12am-Close),0.0K
March 6,Ashburn,Evening (7pm-12am),0.0K
March 6,Arlington Cemetery,Late Night (12am-Close),0.0K
March 6,Arlington Cemetery,Evening (7pm-12am),0.0K
March 6,Arlington Cemetery,AM Peak (Open-9:30am),0.0K
March 6,Archives,Late Night (12am-Close),0.0K
March 6,Anacostia,Late Night (12am-Close),0.0K
March 6,Addison Road,Late Night (12am-Close),0.0K